satisfaction_employee_environnement,note_evaluation_precedente,satisfaction_employee_nature_travail,satisfaction_employee_equipe,satisfaction_employee_equilibre_pro_perso,id_employee,note_evaluation_actuelle,heure_supplementaires,augementation_salaire_precedente,age,genre,revenu_mensuel,statut_marital,departement,poste,nombre_experiences_precedentes,annees_dans_l_entreprise,a_quitte_l_entreprise,nombre_participation_pee,nb_formations_suivies,distance_domicile_travail,niveau_education,domaine_etude,frequence_deplacement,annees_depuis_la_derniere_promotion
2,3,4,1,1,1,3,Oui,11%,41,F,5993,Célibataire,Commercial,Cadre Commercial,8,6,1,0,0,1,2,Infra & Cloud,Occasionnel,0
3,2,2,4,3,2,4,Non,23%,49,M,5130,Marié(e),Consulting,Assistant de Direction,1,10,0,1,3,8,1,Infra & Cloud,Frequent,1
4,2,3,2,3,4,3,Oui,15%,37,M,2090,Célibataire,Consulting,Consultant,6,0,1,0,3,2,2,Autre,Occasionnel,0
4,3,3,3,3,5,3,Oui,11%,33,F,2909,Marié(e),Consulting,Assistant de Direction,1,8,0,0,3,3,4,Infra & Cloud,Frequent,3
1,3,2,4,3,7,3,Non,12%,27,M,3468,Marié(e),Consulting,Consultant,9,2,0,1,3,2,1,Transformation Digitale,Occasionnel,2
4,3,4,3,2,8,3,Non,13%,32,M,3068,Célibataire,Consulting,Consultant,0,7,0,0,2,2,2,Infra & Cloud,Frequent,3
3,4,1,1,2,10,4,Oui,20%,59,F,2670,Marié(e),Consulting,Consultant,4,1,0,3,3,3,3,Transformation Digitale,Occasionnel,0
4,3,3,2,3,11,4,Non,22%,30,M,2693,Divorcé(e),Consulting,Consultant,1,1,0,1,2,24,1,Infra & Cloud,Occasionnel,0
4,2,3,2,3,12,4,Non,21%,38,M,9526,Célibataire,Consulting,Tech Lead,0,9,0,0,2,23,3,Infra & Cloud,Frequent,1
3,3,3,2,2,13,3,Non,13%,36,M,5237,Marié(e),Consulting,Manager,6,7,0,2,3,27,3,Transformation Digitale,Occasionnel,7
1,4,2,3,3,14,3,Non,13%,35,M,2426,Marié(e),Consulting,Consultant,0,5,0,1,5,16,3,Transformation Digitale,Occasionnel,0
4,2,3,4,3,15,3,Oui,12%,29,F,4193,Célibataire,Consulting,Consultant,0,9,0,0,3,15,2,Infra & Cloud,Occasionnel,0
1,3,3,4,2,16,3,Non,17%,31,M,2911,Divorcé(e),Consulting,Assistant de Direction,1,5,0,1,1,26,1,Infra & Cloud,Occasionnel,4
2,3,4,3,3,18,3,Non,11%,34,M,2661,Divorcé(e),Consulting,Consultant,0,2,0,1,2,19,2,Transformation Digitale,Occasionnel,1
3,2,3,2,3,19,3,Oui,14%,28,M,2028,Célibataire,Consulting,Consultant,5,4,1,0,4,24,3,Infra & Cloud,Occasionnel,0
2,4,1,3,3,20,3,Non,11%,29,F,9980,Divorcé(e),Consulting,Tech Lead,1,10,0,1,1,21,4,Infra & Cloud,Occasionnel,8
1,4,2,4,2,21,3,Oui,12%,32,M,3298,Divorcé(e),Consulting,Assistant de Direction,0,6,0,2,5,5,2,Infra & Cloud,Occasionnel,0
4,4,4,2,2,22,3,Oui,13%,22,M,2935,Divorcé(e),Consulting,Consultant,1,1,0,2,2,16,2,Transformation Digitale,Aucun,0
1,2,4,3,3,23,3,Non,16%,53,F,15427,Marié(e),Commercial,Senior Manager,2,25,0,0,3,2,4,Infra & Cloud,Occasionnel,3
4,3,4,3,3,24,3,Oui,11%,38,M,3944,Célibataire,Consulting,Assistant de Direction,5,3,0,0,3,2,3,Infra & Cloud,Occasionnel,1
1,4,3,4,2,26,3,Non,18%,24,F,4011,Divorcé(e),Consulting,Tech Lead,0,4,0,1,5,11,2,Autre,Aucun,1
3,2,1,2,3,27,4,Non,23%,36,M,3407,Célibataire,Commercial,Représentant Commercial,7,5,1,0,4,9,4,Infra & Cloud,Occasionnel,0
1,3,2,3,3,28,3,Non,11%,34,F,11994,Célibataire,Consulting,Directeur Technique,0,12,0,0,4,7,4,Infra & Cloud,Occasionnel,2
3,3,4,4,3,30,3,Non,14%,21,M,1232,Célibataire,Consulting,Assistant de Direction,1,0,0,0,6,15,2,Infra & Cloud,Occasionnel,0
2,3,1,3,3,31,3,Non,11%,34,M,2960,Célibataire,Consulting,Assistant de Direction,2,4,1,0,2,6,1,Transformation Digitale,Occasionnel,1
3,3,3,4,2,32,3,Non,11%,53,F,19094,Divorcé(e),Consulting,Senior Manager,4,14,0,1,3,5,3,Autre,Occasionnel,4
2,1,1,2,3,33,4,Oui,22%,32,F,3919,Célibataire,Consulting,Assistant de Direction,1,10,1,0,5,16,1,Infra & Cloud,Frequent,6
3,3,2,4,3,35,3,Non,11%,42,M,6825,Marié(e),Commercial,Cadre Commercial,0,9,0,1,2,8,4,Marketing,Occasionnel,4
1,2,4,4,3,36,3,Non,14%,44,F,10248,Marié(e),Consulting,Manager,3,22,0,1,4,7,4,Transformation Digitale,Occasionnel,5
2,3,1,4,2,38,3,Non,12%,46,F,18947,Célibataire,Commercial,Senior Manager,3,2,0,0,2,2,4,Marketing,Occasionnel,2
3,3,4,4,3,39,3,Non,11%,33,M,2496,Célibataire,Consulting,Consultant,4,1,0,0,3,2,3,Transformation Digitale,Occasionnel,0
4,3,4,4,4,40,3,Oui,13%,44,M,6465,Marié(e),Consulting,Manager,2,4,0,0,5,10,4,Autre,Occasionnel,1
4,2,3,1,3,41,3,Non,13%,30,M,2206,Célibataire,Consulting,Consultant,1,10,0,0,5,9,2,Transformation Digitale,Occasionnel,1
4,3,4,3,4,42,3,Non,14%,39,M,2086,Marié(e),Commercial,Représentant Commercial,3,1,1,1,6,5,3,Entrepreunariat,Occasionnel,0
2,3,4,1,2,45,3,Oui,16%,24,M,2293,Marié(e),Consulting,Assistant de Direction,2,2,1,1,2,1,3,Transformation Digitale,Occasionnel,2
4,4,3,4,2,46,3,Non,12%,43,F,2645,Divorcé(e),Consulting,Assistant de Direction,1,5,0,2,3,2,2,Transformation Digitale,Occasionnel,1
1,2,3,3,3,47,3,Oui,14%,50,M,2683,Marié(e),Commercial,Représentant Commercial,1,3,1,0,2,3,2,Marketing,Occasionnel,0
4,3,4,1,3,49,3,Non,13%,35,F,2014,Marié(e),Commercial,Représentant Commercial,1,2,0,0,3,2,3,Marketing,Occasionnel,2
2,2,1,4,4,51,3,Oui,14%,36,F,3419,Marié(e),Consulting,Assistant de Direction,9,1,0,1,3,5,4,Infra & Cloud,Occasionnel,0
3,4,1,1,3,52,3,Non,19%,33,F,5376,Marié(e),Commercial,Cadre Commercial,2,5,0,2,3,1,3,Infra & Cloud,Frequent,1
3,3,4,3,3,53,3,Non,12%,35,M,1951,Divorcé(e),Consulting,Consultant,1,1,0,1,3,4,2,Autre,Occasionnel,0
4,3,1,4,3,54,3,Non,13%,27,F,2341,Divorcé(e),Consulting,Consultant,1,1,0,1,6,2,4,Infra & Cloud,Occasionnel,0
1,1,3,3,2,55,3,Non,12%,26,M,2293,Célibataire,Consulting,Consultant,1,1,1,0,2,25,3,Infra & Cloud,Occasionnel,0
4,3,3,4,3,56,3,Non,15%,27,M,8726,Célibataire,Commercial,Cadre Commercial,1,9,0,0,0,8,3,Infra & Cloud,Frequent,1
3,3,4,4,3,57,4,Non,23%,30,F,4011,Célibataire,Consulting,Consultant,1,12,0,0,2,1,2,Transformation Digitale,Frequent,3
2,3,3,4,3,58,3,Non,12%,41,F,19545,Marié(e),Consulting,Directeur Technique,1,22,1,0,0,12,3,Entrepreunariat,Occasionnel,15
2,3,3,3,3,60,4,Non,20%,34,M,4568,Célibataire,Commercial,Cadre Commercial,0,9,0,0,2,23,4,Marketing,Aucun,8
2,3,2,1,3,61,4,Non,21%,37,M,3022,Marié(e),Consulting,Assistant de Direction,4,1,0,0,1,19,2,Infra & Cloud,Occasionnel,0
1,3,4,3,3,62,4,Oui,21%,46,M,5772,Célibataire,Commercial,Cadre Commercial,4,9,0,0,4,5,4,Marketing,Frequent,0
4,4,4,4,3,63,3,Non,19%,35,M,2269,Marié(e),Consulting,Consultant,1,1,0,0,2,8,1,Infra & Cloud,Occasionnel,0
1,2,3,4,3,64,3,Oui,13%,48,M,5381,Célibataire,Consulting,Consultant,9,1,1,0,2,1,2,Infra & Cloud,Occasionnel,0
3,3,3,3,2,65,3,Oui,13%,28,M,3441,Célibataire,Consulting,Consultant,1,2,1,0,3,5,4,Entrepreunariat,Occasionnel,2
2,3,1,3,2,68,4,Oui,21%,44,F,5454,Divorcé(e),Commercial,Cadre Commercial,5,4,0,1,2,1,5,Marketing,Occasionnel,1
3,2,1,3,3,70,3,Oui,13%,35,M,9884,Marié(e),Consulting,Manager,2,4,0,1,3,11,2,Transformation Digitale,Aucun,2
3,2,4,3,2,72,3,Oui,19%,26,F,4157,Marié(e),Commercial,Cadre Commercial,7,2,0,1,2,23,3,Marketing,Occasionnel,0
1,3,4,3,3,73,3,Oui,12%,33,F,13458,Célibataire,Consulting,Directeur Technique,1,15,0,0,1,1,2,Infra & Cloud,Frequent,8
2,3,1,4,2,74,4,Non,22%,35,M,9069,Marié(e),Commercial,Cadre Commercial,1,9,0,1,3,18,5,Infra & Cloud,Frequent,1
3,3,1,3,3,75,3,Oui,15%,35,F,4014,Marié(e),Consulting,Consultant,3,2,0,1,3,23,4,Transformation Digitale,Occasionnel,2
4,3,4,4,2,76,4,Non,22%,31,M,5915,Divorcé(e),Consulting,Consultant,3,7,0,1,3,7,4,Infra & Cloud,Occasionnel,1
1,2,3,3,4,77,3,Non,18%,37,M,5993,Divorcé(e),Consulting,Tech Lead,1,7,0,1,2,1,4,Infra & Cloud,Occasionnel,0
1,3,4,2,3,78,4,Oui,22%,32,M,6162,Marié(e),Consulting,Tech Lead,1,9,0,1,3,1,3,Transformation Digitale,Occasionnel,7
4,3,4,4,3,79,3,Non,11%,38,F,2406,Célibataire,Consulting,Consultant,1,10,0,0,2,29,5,Infra & Cloud,Frequent,9
2,2,3,4,2,80,3,Oui,12%,50,F,18740,Divorcé(e),Consulting,Directeur Technique,5,27,0,1,2,7,2,Transformation Digitale,Occasionnel,13
1,3,1,4,2,81,3,Non,11%,59,F,7637,Célibataire,Commercial,Cadre Commercial,7,21,0,0,3,25,3,Infra & Cloud,Occasionnel,7
3,3,3,2,3,83,3,Non,13%,36,F,10096,Divorcé(e),Consulting,Manager,1,17,0,3,2,8,3,Entrepreunariat,Occasionnel,12
4,3,3,3,3,84,3,Oui,14%,55,F,14756,Divorcé(e),Consulting,Senior Manager,2,5,0,3,2,8,3,Transformation Digitale,Occasionnel,0
2,2,2,3,3,85,3,Non,13%,36,M,6499,Célibataire,Consulting,Tech Lead,1,6,0,0,3,11,3,Infra & Cloud,Frequent,0
2,3,1,3,3,86,3,Non,17%,45,M,9724,Divorcé(e),Consulting,Assistant de Direction,2,1,0,1,2,7,3,Infra & Cloud,Occasionnel,0
2,3,1,4,2,88,3,Non,13%,35,M,2194,Marié(e),Consulting,Assistant de Direction,4,3,0,1,2,1,3,Transformation Digitale,Frequent,1
4,2,3,1,2,90,3,Oui,17%,36,M,3388,Marié(e),Consulting,Assistant de Direction,0,1,1,1,0,9,3,Transformation Digitale,Occasionnel,0
1,2,3,4,2,91,3,Non,11%,59,F,5473,Célibataire,Commercial,Cadre Commercial,7,4,0,0,2,1,1,Infra & Cloud,Frequent,1
3,3,2,4,3,94,4,Non,23%,29,M,2703,Marié(e),Consulting,Assistant de Direction,0,5,0,1,3,2,3,Infra & Cloud,Occasionnel,0
3,3,2,2,3,95,3,Non,17%,31,M,2501,Célibataire,Consulting,Assistant de Direction,1,1,0,0,4,1,4,Transformation Digitale,Occasionnel,1
2,3,2,2,3,96,3,Non,17%,32,M,6220,Marié(e),Consulting,Assistant de Direction,1,10,0,2,3,1,3,Infra & Cloud,Occasionnel,0
2,4,4,2,3,97,3,Non,12%,36,F,3038,Marié(e),Consulting,Consultant,3,1,0,0,3,6,3,Infra & Cloud,Occasionnel,0
3,3,4,4,3,98,4,Non,23%,31,F,4424,Célibataire,Consulting,Tech Lead,1,11,0,0,2,8,4,Infra & Cloud,Occasionnel,1
3,2,1,2,3,100,3,Non,14%,35,M,4312,Célibataire,Commercial,Cadre Commercial,0,15,0,0,2,1,4,Marketing,Occasionnel,2
4,3,1,2,4,101,3,Oui,14%,45,M,13245,Marié(e),Consulting,Directeur Technique,4,0,0,0,3,6,4,Autre,Occasionnel,0
1,3,3,1,4,102,3,Non,13%,37,M,13664,Célibataire,Consulting,Directeur Technique,4,5,0,0,3,7,4,Transformation Digitale,Occasionnel,0
2,3,2,4,3,103,4,Oui,22%,46,M,5021,Divorcé(e),Ressources Humaines,Ressources Humaines,8,4,0,1,2,5,2,Transformation Digitale,Occasionnel,0
4,2,4,3,2,104,3,Oui,12%,30,M,5126,Marié(e),Consulting,Consultant,1,10,0,2,1,1,1,Infra & Cloud,Occasionnel,3
2,2,3,1,3,105,3,Non,18%,35,M,2859,Célibataire,Consulting,Assistant de Direction,1,6,0,0,3,1,3,Transformation Digitale,Occasionnel,0
1,3,4,4,3,106,3,Non,14%,55,M,10239,Marié(e),Commercial,Cadre Commercial,3,1,0,1,4,1,2,Infra & Cloud,Occasionnel,1
2,1,4,4,3,107,3,Oui,12%,38,F,5329,Divorcé(e),Consulting,Assistant de Direction,7,13,0,3,3,6,3,Transformation Digitale,Aucun,1
1,3,2,3,3,110,3,Non,15%,34,M,4325,Marié(e),Consulting,Tech Lead,1,5,0,0,2,1,2,Transformation Digitale,Occasionnel,1
4,1,4,1,2,112,3,Non,11%,56,M,7260,Célibataire,Consulting,Tech Lead,4,6,0,0,3,7,3,Infra & Cloud,Occasionnel,0
3,3,1,3,3,113,3,Non,13%,23,M,2322,Divorcé(e),Commercial,Représentant Commercial,3,0,0,1,3,2,1,Entrepreunariat,Occasionnel,0
4,3,4,2,3,116,4,Non,23%,51,M,2075,Marié(e),Consulting,Consultant,3,4,0,2,4,9,4,Infra & Cloud,Occasionnel,0
3,2,4,1,3,117,3,Non,19%,30,M,4152,Marié(e),Consulting,Manager,1,11,0,3,3,2,3,Infra & Cloud,Occasionnel,10
3,2,4,4,3,118,3,Non,16%,46,M,9619,Célibataire,Commercial,Cadre Commercial,1,9,1,0,3,9,2,Transformation Digitale,Occasionnel,4
3,2,2,4,2,119,4,Non,22%,40,M,13503,Marié(e),Consulting,Manager,1,22,0,1,3,1,4,Infra & Cloud,Frequent,11
3,3,4,4,1,120,4,Oui,22%,51,M,5441,Célibataire,Commercial,Cadre Commercial,0,10,0,0,2,21,4,Marketing,Occasionnel,1
3,2,2,2,2,121,3,Oui,12%,30,F,5209,Divorcé(e),Commercial,Cadre Commercial,1,11,0,3,4,4,2,Transformation Digitale,Occasionnel,2
3,2,1,3,2,124,3,Oui,13%,46,M,10673,Marié(e),Consulting,Manager,2,10,0,1,5,1,3,Transformation Digitale,Frequent,9
2,3,3,1,3,125,3,Non,16%,32,M,5010,Célibataire,Commercial,Cadre Commercial,1,11,0,0,0,6,4,Transformation Digitale,Occasionnel,5
1,3,3,1,1,126,3,Non,12%,54,F,13549,Marié(e),Consulting,Directeur Technique,9,4,0,1,5,2,4,Entrepreunariat,Occasionnel,0
1,3,3,1,2,128,4,Non,21%,24,F,4999,Marié(e),Commercial,Cadre Commercial,0,3,0,1,2,3,2,Autre,Occasionnel,0
2,3,3,2,4,129,3,Non,15%,28,M,4221,Marié(e),Commercial,Cadre Commercial,1,5,0,0,3,4,3,Transformation Digitale,Aucun,0
4,3,3,3,2,131,3,Non,13%,58,M,13872,Célibataire,Commercial,Cadre Commercial,0,37,0,0,1,10,4,Transformation Digitale,Occasionnel,1
2,3,2,3,4,132,3,Non,12%,44,M,2042,Marié(e),Consulting,Consultant,4,3,0,1,3,23,3,Transformation Digitale,Aucun,1
3,3,1,4,3,133,4,Oui,22%,37,M,2073,Divorcé(e),Ressources Humaines,Ressources Humaines,4,3,1,0,3,6,4,Ressources Humaines,Occasionnel,0
4,3,1,4,3,134,3,Non,13%,32,M,2956,Célibataire,Consulting,Assistant de Direction,1,1,0,0,2,1,1,Infra & Cloud,Occasionnel,0
4,2,4,2,3,137,3,Oui,18%,20,F,2926,Célibataire,Consulting,Consultant,1,1,1,0,5,6,3,Infra & Cloud,Frequent,1
1,3,3,3,3,138,3,Non,14%,34,F,4809,Célibataire,Consulting,Assistant de Direction,1,16,0,0,3,6,4,Autre,Occasionnel,2
3,2,4,4,4,139,3,Non,14%,37,M,5163,Divorcé(e),Consulting,Manager,5,1,0,1,2,2,2,Infra & Cloud,Aucun,0
3,2,4,4,3,140,4,Non,21%,59,F,18844,Marié(e),Ressources Humaines,Senior Manager,9,3,0,1,3,2,4,Ressources Humaines,Aucun,2
1,3,2,1,2,141,3,Oui,19%,50,F,18172,Marié(e),Consulting,Directeur Technique,3,8,0,0,1,1,3,Infra & Cloud,Frequent,0
3,2,3,4,3,142,3,Oui,11%,25,M,5744,Célibataire,Commercial,Cadre Commercial,1,6,1,0,1,5,3,Marketing,Occasionnel,0
4,2,4,3,3,143,3,Non,11%,25,M,2889,Marié(e),Consulting,Assistant de Direction,1,2,0,2,2,7,1,Transformation Digitale,Occasionnel,2
2,3,4,3,3,144,3,Non,15%,22,F,2871,Célibataire,Consulting,Consultant,1,0,0,0,5,15,3,Transformation Digitale,Occasionnel,0
1,2,1,3,2,145,4,Non,20%,51,F,7484,Célibataire,Consulting,Manager,3,13,0,0,1,1,4,Transformation Digitale,Frequent,12
1,1,3,4,3,147,4,Oui,24%,34,M,6074,Célibataire,Consulting,Consultant,1,9,1,0,3,7,3,Infra & Cloud,Frequent,0
4,4,4,3,3,148,3,Oui,12%,54,F,17328,Célibataire,Ressources Humaines,Senior Manager,2,5,0,0,3,26,3,Ressources Humaines,Aucun,4
2,3,3,3,3,150,3,Non,12%,24,M,2774,Marié(e),Consulting,Consultant,0,5,0,1,2,18,1,Infra & Cloud,Occasionnel,1
3,2,2,3,3,151,3,Non,15%,34,F,4505,Divorcé(e),Consulting,Assistant de Direction,6,1,0,1,3,6,4,Infra & Cloud,Occasionnel,0
3,3,4,1,3,152,3,Non,12%,37,M,7428,Célibataire,Commercial,Cadre Commercial,2,5,0,0,3,3,3,Infra & Cloud,Occasionnel,1
3,2,1,4,3,153,3,Non,12%,34,F,11631,Célibataire,Consulting,Senior Manager,2,11,0,0,6,5,3,Transformation Digitale,Occasionnel,5
2,3,4,3,3,154,3,Non,14%,36,F,9738,Marié(e),Commercial,Cadre Commercial,0,9,0,1,6,11,2,Entrepreunariat,Frequent,2
1,3,4,1,3,155,4,Non,22%,36,F,2835,Divorcé(e),Consulting,Consultant,5,1,0,1,2,3,2,Infra & Cloud,Occasionnel,0
3,3,4,4,4,158,3,Oui,12%,43,M,16959,Marié(e),Commercial,Senior Manager,1,25,0,2,3,26,2,Infra & Cloud,Frequent,4
1,1,3,3,2,159,4,Non,25%,30,M,2613,Divorcé(e),Consulting,Assistant de Direction,1,10,0,3,2,23,3,Infra & Cloud,Frequent,0
3,3,2,1,4,160,3,Non,13%,33,M,6146,Marié(e),Commercial,Cadre Commercial,0,7,0,1,2,22,2,Marketing,Aucun,0
2,3,2,1,3,161,3,Oui,18%,56,F,4963,Marié(e),Consulting,Assistant de Direction,9,5,1,3,2,14,4,Infra & Cloud,Occasionnel,4
1,3,3,3,3,162,3,Non,13%,51,M,19537,Célibataire,Consulting,Directeur Technique,7,20,0,0,5,6,3,Infra & Cloud,Occasionnel,15
2,1,3,2,2,163,3,Oui,18%,31,M,6172,Marié(e),Commercial,Cadre Commercial,4,7,1,0,3,6,4,Infra & Cloud,Occasionnel,7
3,2,2,3,2,164,3,Non,19%,26,F,2368,Marié(e),Consulting,Assistant de Direction,1,5,0,0,3,6,3,Autre,Occasionnel,4
4,3,4,4,2,165,3,Non,12%,58,F,10312,Marié(e),Consulting,Manager,1,40,1,1,3,23,4,Transformation Digitale,Occasionnel,15
4,3,3,4,2,167,3,Oui,19%,19,M,1675,Célibataire,Commercial,Représentant Commercial,1,0,1,0,2,22,1,Marketing,Occasionnel,0
3,3,4,3,3,169,3,Non,14%,22,M,2523,Marié(e),Consulting,Consultant,0,2,0,1,2,2,1,Entrepreunariat,Occasionnel,2
3,3,1,3,2,170,3,Non,14%,49,F,6567,Marié(e),Consulting,Tech Lead,1,15,0,0,2,20,4,Transformation Digitale,Occasionnel,5
2,4,3,4,3,171,3,Non,12%,43,F,4739,Célibataire,Consulting,Assistant de Direction,4,3,0,0,2,28,3,Transformation Digitale,Frequent,1
3,3,4,4,3,174,3,Non,11%,50,F,9208,Célibataire,Commercial,Cadre Commercial,4,2,0,0,3,12,3,Marketing,Frequent,2
2,1,3,3,3,175,3,Oui,11%,31,F,4559,Marié(e),Commercial,Cadre Commercial,3,2,1,1,2,20,3,Infra & Cloud,Occasionnel,2
3,3,3,3,3,176,3,Oui,13%,41,M,8189,Divorcé(e),Commercial,Cadre Commercial,3,9,0,1,2,9,1,Infra & Cloud,Occasionnel,0
3,3,3,4,3,177,4,Non,23%,26,F,2942,Marié(e),Ressources Humaines,Ressources Humaines,1,8,0,1,3,25,1,Infra & Cloud,Occasionnel,5
2,3,2,4,3,178,4,Non,20%,36,M,4941,Divorcé(e),Consulting,Tech Lead,6,3,0,2,0,6,2,Transformation Digitale,Occasionnel,0
1,1,4,4,3,179,3,Non,15%,51,M,10650,Célibataire,Consulting,Tech Lead,2,4,1,0,2,8,4,Infra & Cloud,Frequent,0
4,2,3,3,4,182,3,Non,14%,39,F,5902,Marié(e),Commercial,Cadre Commercial,4,15,0,1,1,4,4,Infra & Cloud,Occasionnel,5
1,2,3,4,3,183,3,Non,18%,25,M,8639,Marié(e),Commercial,Cadre Commercial,2,2,0,0,3,28,3,Infra & Cloud,Occasionnel,2
3,3,4,4,1,184,3,Oui,19%,30,M,6347,Marié(e),Ressources Humaines,Ressources Humaines,0,11,0,0,2,9,3,Ressources Humaines,Occasionnel,4
1,3,1,1,4,190,4,Non,22%,32,F,4200,Célibataire,Consulting,Consultant,7,5,1,0,2,9,3,Transformation Digitale,Occasionnel,0
3,3,4,2,2,192,3,Non,13%,45,M,3452,Célibataire,Consulting,Assistant de Direction,5,6,0,0,2,29,3,Transformation Digitale,Occasionnel,0
4,3,3,2,3,193,4,Oui,20%,38,F,4317,Célibataire,Consulting,Assistant de Direction,3,3,0,0,2,3,5,Entrepreunariat,Occasionnel,2
1,3,3,3,2,194,3,Non,14%,30,F,2632,Célibataire,Consulting,Assistant de Direction,1,5,0,0,4,18,3,Infra & Cloud,Occasionnel,0
4,1,4,4,4,195,3,Non,17%,32,M,4668,Divorcé(e),Commercial,Cadre Commercial,0,8,0,3,2,9,2,Transformation Digitale,Frequent,0
4,3,1,4,3,197,3,Non,14%,30,F,3204,Divorcé(e),Consulting,Assistant de Direction,5,3,0,1,3,5,3,Entrepreunariat,Occasionnel,2
2,2,4,4,3,198,3,Non,13%,30,M,2720,Célibataire,Consulting,Consultant,0,5,0,0,3,2,1,Transformation Digitale,Occasionnel,1
4,2,1,2,2,199,3,Non,13%,41,M,17181,Divorcé(e),Consulting,Senior Manager,4,7,0,1,2,10,3,Infra & Cloud,Frequent,7
3,3,1,4,3,200,4,Non,21%,41,M,2238,Marié(e),Consulting,Consultant,2,5,0,1,2,9,4,Infra & Cloud,Occasionnel,1
2,3,2,4,3,201,3,Non,14%,19,F,1483,Célibataire,Consulting,Consultant,1,1,0,0,3,3,1,Transformation Digitale,Occasionnel,0
2,3,2,1,3,202,3,Non,11%,40,F,5605,Divorcé(e),Consulting,Assistant de Direction,1,20,0,1,2,26,3,Transformation Digitale,Frequent,2
3,3,2,1,3,204,3,Non,13%,35,M,7295,Marié(e),Commercial,Cadre Commercial,1,10,0,2,3,1,5,Marketing,Occasionnel,0
2,3,3,4,1,205,4,Oui,20%,53,M,2306,Marié(e),Commercial,Représentant Commercial,2,7,0,1,3,6,2,Marketing,Occasionnel,4
2,3,2,3,1,206,3,Non,18%,45,M,2348,Divorcé(e),Consulting,Consultant,8,17,0,1,2,9,3,Infra & Cloud,Occasionnel,0
2,3,4,4,3,207,3,Non,14%,32,F,8998,Célibataire,Commercial,Cadre Commercial,1,9,0,0,2,8,3,Marketing,Frequent,3
4,3,3,1,3,208,3,Non,13%,29,M,4319,Marié(e),Consulting,Tech Lead,1,10,0,1,1,1,1,Entrepreunariat,Aucun,0
2,2,3,3,3,211,3,Non,17%,51,M,6132,Marié(e),Consulting,Tech Lead,2,1,0,0,2,7,4,Transformation Digitale,Occasionnel,0
2,2,2,2,2,214,4,Oui,20%,58,F,3346,Marié(e),Consulting,Assistant de Direction,4,1,0,1,3,9,3,Transformation Digitale,Occasionnel,0
3,2,4,1,2,215,3,Non,11%,40,M,10855,Marié(e),Commercial,Cadre Commercial,7,12,0,1,2,4,4,Marketing,Occasionnel,2
3,3,3,4,3,216,3,Non,18%,34,F,2231,Marié(e),Commercial,Représentant Commercial,6,4,0,1,3,2,4,Marketing,Frequent,1
3,3,4,1,3,217,4,Non,24%,22,M,2323,Marié(e),Consulting,Assistant de Direction,1,2,0,2,6,19,1,Transformation Digitale,Occasionnel,2
4,3,2,4,1,218,3,Non,18%,27,M,2024,Divorcé(e),Consulting,Assistant de Direction,6,2,0,1,1,9,3,Transformation Digitale,Aucun,2
3,3,4,3,1,221,3,Non,11%,28,M,2713,Marié(e),Consulting,Assistant de Direction,1,5,0,1,2,21,3,Transformation Digitale,Occasionnel,0
3,4,4,2,1,223,3,Oui,16%,57,M,9439,Divorcé(e),Consulting,Manager,3,5,0,1,2,24,2,Infra & Cloud,Occasionnel,1
3,2,3,4,2,224,3,Oui,15%,27,M,2566,Divorcé(e),Consulting,Assistant de Direction,1,1,0,1,2,3,3,Transformation Digitale,Aucun,0
3,3,2,2,3,226,3,Non,15%,50,F,19926,Célibataire,Consulting,Senior Manager,3,5,0,0,5,11,3,Infra & Cloud,Occasionnel,4
1,3,3,1,3,227,3,Non,12%,41,M,2451,Divorcé(e),Consulting,Assistant de Direction,4,9,0,1,2,14,3,Infra & Cloud,Occasionnel,1
2,3,4,3,3,228,3,Non,12%,30,F,9419,Marié(e),Commercial,Cadre Commercial,2,10,0,1,2,5,3,Infra & Cloud,Occasionnel,7
1,2,4,3,4,230,4,Non,22%,38,F,8686,Célibataire,Commercial,Cadre Commercial,4,8,0,0,2,1,4,Infra & Cloud,Occasionnel,0
3,3,3,1,3,231,4,Non,20%,32,M,3038,Célibataire,Consulting,Assistant de Direction,3,5,0,0,2,6,5,Infra & Cloud,Occasionnel,1
3,3,2,4,2,233,3,Oui,16%,27,M,3058,Marié(e),Consulting,Assistant de Direction,0,5,0,1,3,17,3,Entrepreunariat,Occasionnel,1
3,1,1,1,4,235,4,Non,21%,19,F,2325,Célibataire,Commercial,Représentant Commercial,0,0,1,0,5,1,1,Entrepreunariat,Frequent,0
4,3,2,3,2,238,3,Non,12%,36,M,2088,Célibataire,Consulting,Consultant,4,8,0,0,3,3,2,Transformation Digitale,Frequent,7
3,3,1,3,3,239,3,Non,11%,30,M,3072,Divorcé(e),Consulting,Consultant,1,12,0,2,4,9,3,Transformation Digitale,Aucun,6
3,3,1,1,4,240,3,Oui,11%,45,F,5006,Divorcé(e),Commercial,Cadre Commercial,4,5,0,1,3,4,2,Infra & Cloud,Occasionnel,0
3,3,1,3,3,241,3,Oui,18%,56,F,4257,Divorcé(e),Consulting,Assistant de Direction,4,2,0,1,3,8,3,Infra & Cloud,Occasionnel,2
3,3,4,1,4,242,3,Non,14%,33,M,2500,Célibataire,Consulting,Assistant de Direction,0,3,0,0,2,2,3,Infra & Cloud,Occasionnel,0
2,2,4,3,2,243,4,Non,22%,19,M,1102,Célibataire,Consulting,Consultant,1,1,1,0,3,2,3,Infra & Cloud,Occasionnel,1
2,3,1,3,3,244,4,Non,25%,46,F,10453,Divorcé(e),Commercial,Cadre Commercial,1,24,0,3,2,1,2,Marketing,Occasionnel,15
3,3,4,3,3,245,3,Non,12%,38,F,2288,Célibataire,Consulting,Consultant,1,2,0,0,3,9,2,Infra & Cloud,Occasionnel,2
3,3,4,3,3,246,4,Oui,23%,31,F,3929,Marié(e),Consulting,Assistant de Direction,8,4,0,1,0,12,1,Transformation Digitale,Occasionnel,0
4,3,2,4,3,247,3,Non,15%,34,F,2311,Célibataire,Consulting,Assistant de Direction,2,3,0,0,3,27,2,Transformation Digitale,Occasionnel,1
2,3,2,4,2,248,4,Oui,22%,41,F,3140,Célibataire,Commercial,Représentant Commercial,1,4,1,0,5,20,2,Marketing,Occasionnel,0
3,2,3,4,2,249,3,Non,15%,50,M,3690,Marié(e),Consulting,Consultant,2,3,0,1,2,1,3,Transformation Digitale,Occasionnel,0
4,4,1,3,3,250,3,Non,11%,53,F,4450,Divorcé(e),Consulting,Tech Lead,1,4,0,2,3,13,2,Transformation Digitale,Occasionnel,1
4,3,2,4,3,252,3,Non,13%,33,F,2756,Marié(e),Consulting,Assistant de Direction,1,8,0,1,5,14,3,Transformation Digitale,Occasionnel,1
4,3,3,2,3,253,3,Non,14%,40,F,19033,Marié(e),Consulting,Senior Manager,1,20,0,1,2,4,1,Transformation Digitale,Occasionnel,9
3,4,2,4,3,254,3,Non,11%,55,M,18722,Célibataire,Consulting,Directeur Technique,8,24,0,0,3,14,4,Transformation Digitale,Occasionnel,2
4,2,3,3,2,256,3,Non,17%,34,M,9547,Marié(e),Consulting,Tech Lead,1,10,0,0,2,2,1,Infra & Cloud,Frequent,1
4,3,2,3,3,258,3,Non,18%,51,F,13734,Célibataire,Consulting,Manager,3,7,0,0,6,3,3,Transformation Digitale,Occasionnel,1
3,2,3,1,3,259,3,Non,14%,52,M,19999,Marié(e),Consulting,Senior Manager,0,33,0,1,5,1,4,Infra & Cloud,Occasionnel,11
4,3,2,4,2,260,3,Non,16%,27,F,2279,Célibataire,Consulting,Assistant de Direction,1,7,0,0,2,9,3,Transformation Digitale,Occasionnel,0
2,2,3,1,3,261,3,Oui,13%,35,M,5916,Marié(e),Consulting,Tech Lead,3,1,1,0,1,23,2,Infra & Cloud,Occasionnel,0
4,4,4,4,4,262,3,Non,14%,43,M,2089,Divorcé(e),Consulting,Assistant de Direction,4,5,0,3,3,7,3,Transformation Digitale,Aucun,2
1,2,4,4,3,264,4,Non,23%,45,M,16792,Marié(e),Consulting,Senior Manager,9,20,0,1,1,2,2,Transformation Digitale,Aucun,11
2,4,1,1,2,267,3,Oui,12%,37,M,3564,Marié(e),Consulting,Assistant de Direction,1,8,0,1,3,21,3,Infra & Cloud,Occasionnel,1
2,3,2,4,3,269,3,Non,11%,35,F,4425,Célibataire,Consulting,Consultant,5,6,0,0,5,2,3,Transformation Digitale,Frequent,1
3,3,3,2,3,270,3,Non,16%,42,F,5265,Divorcé(e),Consulting,Tech Lead,2,5,0,1,5,21,2,Transformation Digitale,Aucun,0
4,3,3,2,3,271,3,Non,14%,38,M,6553,Marié(e),Consulting,Tech Lead,9,1,0,0,3,2,4,Infra & Cloud,Occasionnel,0
4,3,4,1,1,273,3,Non,18%,38,M,6261,Marié(e),Consulting,Tech Lead,3,7,0,1,3,29,3,Entrepreunariat,Occasionnel,1
3,2,1,3,3,274,3,Non,19%,27,M,4298,Marié(e),Consulting,Tech Lead,5,2,0,1,1,1,1,Entrepreunariat,Frequent,2
4,3,4,1,3,275,3,Oui,15%,49,M,6804,Divorcé(e),Consulting,Tech Lead,1,7,0,2,0,18,4,Infra & Cloud,Aucun,1
4,3,3,4,4,277,3,Oui,17%,34,M,3815,Divorcé(e),Consulting,Assistant de Direction,1,5,0,1,4,10,4,Transformation Digitale,Frequent,2
3,3,4,3,4,281,3,Oui,15%,40,M,2741,Marié(e),Consulting,Consultant,8,7,0,1,2,19,2,Transformation Digitale,Occasionnel,3
2,3,1,2,3,282,3,Oui,19%,38,M,6673,Marié(e),Consulting,Manager,7,1,1,0,2,29,1,Transformation Digitale,Occasionnel,0
2,3,4,4,2,283,4,Non,22%,29,F,7639,Marié(e),Commercial,Cadre Commercial,1,10,1,3,3,27,3,Marketing,Occasionnel,1
4,4,2,1,2,284,3,Oui,16%,22,M,2328,Divorcé(e),Consulting,Assistant de Direction,1,4,0,1,2,5,3,Infra & Cloud,Occasionnel,2
2,3,4,1,3,286,3,Non,13%,36,F,2153,Célibataire,Consulting,Consultant,1,8,0,0,2,18,1,Transformation Digitale,Frequent,1
4,2,4,4,1,287,3,Non,14%,40,M,4876,Marié(e),Consulting,Manager,9,3,0,1,5,9,5,Infra & Cloud,Aucun,0
4,3,1,3,3,288,3,Non,16%,46,M,9396,Divorcé(e),Consulting,Manager,7,4,0,1,3,1,4,Transformation Digitale,Occasionnel,0
4,1,4,3,2,291,3,Non,11%,32,M,10400,Marié(e),Commercial,Cadre Commercial,1,14,1,0,2,4,4,Transformation Digitale,Occasionnel,9
3,2,3,3,3,292,4,Non,22%,30,M,8474,Célibataire,Consulting,Tech Lead,1,11,0,0,2,1,1,Infra & Cloud,Aucun,5
4,3,3,4,3,293,3,Non,14%,27,F,9981,Célibataire,Commercial,Cadre Commercial,1,7,0,0,2,20,3,Infra & Cloud,Frequent,0
2,2,2,4,1,296,3,Non,16%,51,M,12490,Marié(e),Consulting,Directeur Technique,5,10,0,2,5,8,4,Infra & Cloud,Occasionnel,4
4,3,1,3,3,297,3,Oui,11%,30,F,2657,Célibataire,Consulting,Assistant de Direction,5,5,1,0,5,3,3,Entrepreunariat,Occasionnel,0
4,3,4,3,3,298,3,Oui,18%,41,F,13591,Célibataire,Commercial,Senior Manager,3,1,0,0,3,6,3,Infra & Cloud,Occasionnel,0
3,2,1,3,2,299,3,Non,15%,30,F,6696,Célibataire,Commercial,Cadre Commercial,5,6,1,0,5,26,4,Marketing,Frequent,0
3,3,3,4,2,300,3,Non,14%,29,M,2058,Célibataire,Consulting,Assistant de Direction,0,6,1,0,1,1,3,Entrepreunariat,Occasionnel,1
4,2,4,4,3,302,3,Non,12%,45,F,8865,Célibataire,Commercial,Cadre Commercial,6,19,0,0,2,6,3,Transformation Digitale,Aucun,12
4,3,1,4,3,303,3,Non,14%,54,F,5940,Marié(e),Commercial,Cadre Commercial,2,6,0,1,4,3,3,Marketing,Occasionnel,0
4,3,2,4,4,304,3,Non,16%,36,M,5914,Célibataire,Consulting,Consultant,8,13,0,0,3,5,2,Infra & Cloud,Occasionnel,3
3,2,2,4,3,305,4,Non,21%,33,F,2622,Marié(e),Consulting,Assistant de Direction,6,3,0,0,3,4,4,Transformation Digitale,Occasionnel,1
2,3,4,3,3,306,3,Oui,14%,37,M,12185,Divorcé(e),Consulting,Directeur Technique,1,10,0,3,1,11,3,Autre,Frequent,0
1,3,3,3,2,307,3,Non,12%,38,M,10609,Divorcé(e),Commercial,Cadre Commercial,0,16,0,2,6,3,3,Infra & Cloud,Occasionnel,5
3,1,3,4,3,308,3,Non,12%,31,M,4345,Marié(e),Consulting,Tech Lead,0,5,0,1,2,1,4,Transformation Digitale,Aucun,1
3,2,4,1,3,309,3,Non,17%,59,M,2177,Marié(e),Consulting,Assistant de Direction,3,1,0,1,6,3,3,Infra & Cloud,Occasionnel,0
1,3,4,3,3,311,3,Non,17%,37,M,2793,Divorcé(e),Commercial,Représentant Commercial,4,9,0,1,2,4,4,Marketing,Frequent,5
2,3,4,4,3,312,3,Non,14%,29,F,7918,Marié(e),Commercial,Cadre Commercial,1,11,0,1,5,1,1,Transformation Digitale,Frequent,4
3,3,3,1,4,314,3,Non,14%,35,F,8789,Célibataire,Commercial,Cadre Commercial,1,10,0,0,3,1,3,Marketing,Frequent,0
3,2,4,3,2,315,3,Oui,13%,29,M,2389,Célibataire,Consulting,Assistant de Direction,1,4,1,0,3,18,1,Transformation Digitale,Occasionnel,0
3,2,4,2,2,316,3,Non,15%,52,F,3212,Célibataire,Consulting,Consultant,7,2,0,0,3,2,3,Infra & Cloud,Occasionnel,2
3,3,4,4,3,319,3,Non,11%,42,M,19232,Marié(e),Consulting,Senior Manager,1,22,0,0,3,4,2,Entrepreunariat,Occasionnel,11
2,3,3,4,2,321,3,Non,17%,59,M,2267,Marié(e),Ressources Humaines,Ressources Humaines,8,2,0,0,2,6,2,Transformation Digitale,Occasionnel,2
4,3,4,3,2,323,3,Non,11%,50,F,19517,Divorcé(e),Commercial,Senior Manager,3,7,0,1,3,1,4,Transformation Digitale,Occasionnel,0
3,3,4,3,1,325,3,Oui,13%,33,M,2436,Marié(e),Consulting,Consultant,5,5,1,1,2,14,3,Transformation Digitale,Occasionnel,0
4,3,4,3,3,327,4,Oui,22%,43,F,16064,Marié(e),Commercial,Senior Manager,5,17,0,1,3,16,3,Marketing,Occasionnel,1
1,3,1,1,4,328,4,Non,20%,33,F,2707,Marié(e),Consulting,Consultant,7,9,1,0,3,2,2,Infra & Cloud,Occasionnel,1
1,2,3,4,4,329,3,Oui,18%,52,M,19068,Célibataire,Commercial,Senior Manager,1,33,0,0,2,2,4,Infra & Cloud,Aucun,15
3,3,2,1,3,330,3,Non,11%,32,F,3931,Marié(e),Commercial,Représentant Commercial,2,4,0,1,5,4,2,Infra & Cloud,Occasionnel,1
4,2,3,4,1,331,3,Oui,14%,32,M,3730,Célibataire,Consulting,Consultant,0,3,1,0,2,1,3,Infra & Cloud,Occasionnel,1
3,3,3,3,3,332,3,Non,14%,39,F,2232,Divorcé(e),Consulting,Consultant,7,3,0,3,1,1,4,Transformation Digitale,Occasionnel,1
3,3,4,1,3,333,3,Non,18%,32,M,4465,Marié(e),Commercial,Cadre Commercial,0,3,0,0,2,26,4,Marketing,Aucun,2
3,3,1,1,2,334,3,Non,16%,41,M,3072,Divorcé(e),Consulting,Assistant de Direction,2,1,0,2,2,19,2,Infra & Cloud,Occasionnel,0
1,3,4,1,3,335,3,Non,17%,40,M,3319,Divorcé(e),Consulting,Assistant de Direction,1,9,0,2,3,24,2,Entrepreunariat,Occasionnel,4
3,4,4,3,3,336,3,Non,11%,45,M,19202,Marié(e),Consulting,Senior Manager,0,24,0,1,2,1,3,Autre,Occasionnel,1
2,3,3,1,3,337,3,Non,12%,31,M,13675,Divorcé(e),Consulting,Directeur Technique,9,2,0,1,3,3,4,Transformation Digitale,Frequent,2
3,2,4,3,2,338,3,Non,13%,33,F,2911,Marié(e),Consulting,Assistant de Direction,1,2,0,1,2,5,4,Infra & Cloud,Occasionnel,0
4,2,1,2,3,339,3,Non,13%,34,M,5957,Marié(e),Consulting,Tech Lead,6,11,0,1,3,2,4,Infra & Cloud,Occasionnel,5
3,2,1,1,2,340,3,Non,14%,37,F,3920,Marié(e),Consulting,Assistant de Direction,2,3,0,1,2,1,2,Transformation Digitale,Occasionnel,0
1,4,3,4,3,341,3,Non,17%,45,M,6434,Marié(e),Consulting,Tech Lead,4,3,0,1,1,7,4,Infra & Cloud,Frequent,0
1,3,3,2,3,342,3,Non,11%,37,M,10048,Divorcé(e),Consulting,Tech Lead,6,1,1,2,5,10,3,Transformation Digitale,Frequent,0
3,3,3,4,3,343,4,Non,25%,39,F,10938,Célibataire,Consulting,Manager,0,19,0,0,1,2,4,Entrepreunariat,Frequent,11
3,3,4,1,3,346,3,Non,19%,29,M,2340,Célibataire,Consulting,Assistant de Direction,1,6,0,0,1,15,3,Infra & Cloud,Occasionnel,1
4,4,1,3,3,347,3,Oui,13%,42,F,6545,Célibataire,Consulting,Assistant de Direction,3,3,0,0,1,17,2,Infra & Cloud,Occasionnel,0
4,3,4,4,3,349,3,Non,14%,29,M,6931,Divorcé(e),Commercial,Cadre Commercial,2,3,0,1,2,20,2,Marketing,Occasionnel,0
1,3,3,4,3,350,3,Non,12%,25,F,4898,Marié(e),Consulting,Tech Lead,0,4,0,2,3,1,3,Infra & Cloud,Occasionnel,1
4,2,1,3,3,351,3,Oui,11%,42,F,2593,Divorcé(e),Consulting,Consultant,0,9,0,1,4,2,3,Transformation Digitale,Occasionnel,7
1,3,3,4,3,352,3,Non,19%,40,M,19436,Divorcé(e),Consulting,Directeur Technique,0,21,0,1,5,2,2,Transformation Digitale,Occasionnel,3
3,3,4,2,2,353,3,Non,11%,51,M,2723,Marié(e),Consulting,Assistant de Direction,1,1,0,0,0,1,3,Infra & Cloud,Occasionnel,0
3,2,2,2,4,355,3,Non,11%,31,M,3479,Célibataire,Consulting,Consultant,0,5,1,0,2,29,2,Transformation Digitale,Frequent,1
2,4,2,3,1,359,4,Non,20%,32,M,2794,Marié(e),Consulting,Consultant,1,5,0,0,3,7,3,Infra & Cloud,Frequent,0
4,2,4,4,3,361,3,Non,18%,38,M,5249,Marié(e),Commercial,Cadre Commercial,3,8,0,1,0,2,2,Infra & Cloud,Aucun,7
4,2,1,4,3,362,3,Non,13%,32,M,2176,Célibataire,Consulting,Consultant,4,6,0,0,5,2,1,Entrepreunariat,Occasionnel,0
3,1,2,2,2,363,3,Oui,12%,46,F,16872,Marié(e),Commercial,Senior Manager,3,7,0,1,2,2,3,Entrepreunariat,Occasionnel,7
1,3,3,3,1,364,3,Non,11%,28,M,3485,Célibataire,Consulting,Consultant,2,0,1,0,5,2,4,Infra & Cloud,Occasionnel,0
1,2,2,2,3,366,3,Non,19%,29,M,6644,Marié(e),Commercial,Cadre Commercial,2,0,0,2,2,2,3,Transformation Digitale,Occasionnel,0
2,2,4,2,3,367,4,Non,21%,31,M,5582,Marié(e),Consulting,Manager,0,9,0,1,2,23,3,Transformation Digitale,Occasionnel,7
2,4,1,4,3,369,3,Non,12%,25,M,4000,Divorcé(e),Consulting,Manager,1,6,0,2,2,5,2,Infra & Cloud,Aucun,1
3,3,4,2,3,372,3,Oui,14%,45,M,13496,Marié(e),Consulting,Manager,0,20,0,0,2,20,2,Transformation Digitale,Occasionnel,4
4,3,4,3,3,373,3,Non,11%,36,M,3210,Marié(e),Consulting,Consultant,0,15,0,1,4,6,3,Infra & Cloud,Occasionnel,10
4,3,1,3,3,374,3,Oui,14%,55,M,19045,Célibataire,Consulting,Senior Manager,0,36,0,0,2,1,3,Transformation Digitale,Occasionnel,4
1,3,2,4,2,376,3,Oui,12%,47,M,11849,Marié(e),Consulting,Senior Manager,1,10,1,1,2,29,4,Infra & Cloud,Aucun,9
4,3,4,4,2,377,4,Non,23%,28,M,2070,Marié(e),Consulting,Assistant de Direction,1,5,0,1,3,9,3,Transformation Digitale,Occasionnel,0
3,3,4,2,4,378,3,Non,14%,37,M,6502,Marié(e),Commercial,Cadre Commercial,4,5,0,1,5,6,4,Transformation Digitale,Occasionnel,0
4,2,3,1,4,379,3,Non,17%,21,M,3230,Célibataire,Consulting,Assistant de Direction,1,3,0,0,4,3,2,Transformation Digitale,Occasionnel,1
1,3,4,1,3,380,3,Oui,18%,37,F,13603,Divorcé(e),Consulting,Directeur Technique,2,5,0,2,2,1,4,Transformation Digitale,Aucun,0
2,4,2,2,2,381,3,Non,18%,35,F,11996,Divorcé(e),Consulting,Senior Manager,7,7,0,1,6,22,3,Infra & Cloud,Occasionnel,6
1,4,1,3,3,382,4,Oui,24%,38,F,5605,Divorcé(e),Commercial,Cadre Commercial,1,8,0,1,3,7,2,Transformation Digitale,Occasionnel,7
3,3,2,1,1,384,4,Non,20%,26,F,6397,Divorcé(e),Consulting,Tech Lead,1,6,0,1,6,1,3,Infra & Cloud,Frequent,1
1,3,2,1,2,385,3,Non,14%,50,M,19144,Divorcé(e),Consulting,Directeur Technique,3,10,0,2,4,4,1,Infra & Cloud,Occasionnel,1
3,3,3,4,2,386,3,Oui,16%,53,M,17584,Marié(e),Consulting,Directeur Technique,3,5,0,3,5,3,4,Transformation Digitale,Occasionnel,1
2,3,3,3,3,387,4,Non,25%,42,M,4907,Marié(e),Commercial,Cadre Commercial,1,20,0,0,3,1,1,Infra & Cloud,Occasionnel,11
2,3,4,1,2,388,3,Non,18%,29,M,4554,Célibataire,Commercial,Cadre Commercial,1,10,0,0,3,2,2,Infra & Cloud,Frequent,0
2,3,4,4,3,389,3,Oui,19%,55,M,5415,Marié(e),Consulting,Consultant,3,10,0,1,4,20,2,Entrepreunariat,Occasionnel,0
1,3,1,3,3,390,3,Oui,13%,26,M,4741,Marié(e),Consulting,Manager,1,5,0,1,3,11,2,Transformation Digitale,Frequent,3
4,3,4,2,3,391,3,Non,12%,37,F,2115,Célibataire,Consulting,Assistant de Direction,1,17,0,0,3,1,3,Infra & Cloud,Occasionnel,5
4,3,3,4,1,392,4,Oui,22%,44,M,3161,Divorcé(e),Consulting,Consultant,3,1,1,1,0,24,3,Infra & Cloud,Frequent,0
4,3,4,2,3,393,3,Non,14%,38,M,5745,Divorcé(e),Consulting,Manager,9,2,0,1,2,23,4,Infra & Cloud,Occasionnel,1
1,3,2,4,3,394,3,Oui,13%,26,M,2373,Divorcé(e),Consulting,Consultant,2,3,1,1,2,16,4,Transformation Digitale,Occasionnel,0
4,3,4,4,3,395,4,Non,21%,28,F,3310,Célibataire,Consulting,Assistant de Direction,1,5,0,0,3,8,2,Infra & Cloud,Occasionnel,0
3,3,1,4,3,396,3,Oui,11%,49,F,18665,Célibataire,Consulting,Directeur Technique,9,3,0,0,4,10,4,Infra & Cloud,Frequent,1
3,3,2,4,3,397,3,Non,12%,36,M,4485,Célibataire,Consulting,Assistant de Direction,4,8,0,0,2,3,3,Entrepreunariat,Occasionnel,7
4,3,2,3,2,399,3,Non,11%,31,F,2789,Divorcé(e),Commercial,Représentant Commercial,1,2,0,1,5,5,3,Marketing,Frequent,2
4,2,4,2,3,401,3,Oui,12%,26,M,5828,Célibataire,Commercial,Cadre Commercial,1,8,1,0,0,4,4,Marketing,Occasionnel,7
2,3,4,3,2,403,3,Oui,12%,37,M,2326,Marié(e),Consulting,Assistant de Direction,1,4,0,3,3,9,3,Transformation Digitale,Frequent,1
3,3,2,4,4,404,3,Non,14%,42,F,13525,Marié(e),Commercial,Cadre Commercial,5,20,0,1,2,26,3,Marketing,Frequent,4
3,3,3,3,3,405,3,Non,13%,18,M,1420,Célibataire,Consulting,Consultant,1,0,1,0,2,3,3,Infra & Cloud,Occasionnel,0
3,3,2,3,2,406,3,Non,15%,35,M,8020,Marié(e),Commercial,Cadre Commercial,0,11,0,2,3,16,3,Marketing,Occasionnel,6
3,4,4,4,3,407,3,Non,18%,36,M,3688,Marié(e),Consulting,Consultant,4,1,0,2,2,18,4,Infra & Cloud,Frequent,0
4,1,2,4,3,408,3,Non,18%,51,M,5482,Divorcé(e),Consulting,Tech Lead,5,4,0,1,3,2,3,Transformation Digitale,Occasionnel,1
4,3,2,2,3,410,3,Non,19%,41,M,16015,Célibataire,Commercial,Senior Manager,1,22,0,0,2,2,4,Infra & Cloud,Occasionnel,0
4,2,3,1,3,411,3,Non,12%,18,F,1200,Célibataire,Commercial,Représentant Commercial,1,0,0,0,2,10,3,Transformation Digitale,Occasionnel,0
2,4,1,3,3,412,3,Non,19%,28,M,5661,Célibataire,Consulting,Manager,0,8,0,0,2,16,2,Transformation Digitale,Occasionnel,0
2,4,4,2,2,416,3,Non,11%,31,M,6929,Marié(e),Commercial,Cadre Commercial,4,8,0,1,3,7,3,Entrepreunariat,Occasionnel,7
3,4,4,1,2,417,3,Non,17%,39,M,9613,Divorcé(e),Consulting,Manager,0,18,0,3,5,1,3,Transformation Digitale,Occasionnel,3
2,3,2,3,3,419,3,Non,15%,36,F,5674,Marié(e),Consulting,Consultant,7,9,0,1,3,24,4,Infra & Cloud,Aucun,0
4,2,3,3,2,420,3,Non,14%,32,M,5484,Marié(e),Commercial,Cadre Commercial,1,13,0,1,3,7,3,Infra & Cloud,Occasionnel,4
1,2,2,3,3,421,3,Non,17%,38,F,12061,Marié(e),Consulting,Directeur Technique,3,10,0,1,2,25,2,Infra & Cloud,Occasionnel,0
4,1,3,4,3,422,3,Oui,13%,58,M,5660,Divorcé(e),Consulting,Manager,2,5,0,1,2,1,4,Infra & Cloud,Aucun,1
3,3,4,3,3,423,3,Oui,12%,31,M,4821,Marié(e),Consulting,Assistant de Direction,0,5,0,1,4,5,4,Entrepreunariat,Occasionnel,0
1,2,1,4,3,424,3,Non,12%,31,M,6410,Marié(e),Ressources Humaines,Ressources Humaines,3,2,0,0,1,2,3,Ressources Humaines,Occasionnel,1
1,3,1,1,3,425,3,Non,18%,45,M,5210,Divorcé(e),Consulting,Consultant,1,24,0,1,2,7,3,Infra & Cloud,Frequent,9
3,3,4,2,1,426,3,Oui,18%,31,M,2695,Divorcé(e),Consulting,Assistant de Direction,0,2,0,1,2,2,4,Infra & Cloud,Occasionnel,2
4,3,2,2,3,428,3,Non,11%,33,F,11878,Marié(e),Consulting,Senior Manager,6,10,0,2,2,5,4,Infra & Cloud,Frequent,8
3,3,1,4,3,429,3,Oui,14%,39,M,17068,Marié(e),Consulting,Senior Manager,1,21,0,0,3,10,1,Transformation Digitale,Occasionnel,11
3,3,4,1,3,430,3,Non,19%,43,F,2455,Célibataire,Consulting,Consultant,0,8,0,0,5,10,4,Infra & Cloud,Frequent,1
3,2,3,4,3,431,3,Oui,12%,49,F,13964,Célibataire,Consulting,Manager,7,7,0,0,2,1,2,Entrepreunariat,Occasionnel,0
3,2,2,1,2,433,3,Non,15%,52,M,4941,Marié(e),Consulting,Assistant de Direction,2,8,1,0,3,8,4,Transformation Digitale,Occasionnel,7
3,3,2,2,2,434,3,Oui,12%,27,F,2478,Célibataire,Consulting,Assistant de Direction,1,4,0,0,2,5,3,Infra & Cloud,Occasionnel,1
3,2,2,4,3,436,3,Oui,11%,32,F,5228,Marié(e),Commercial,Cadre Commercial,1,13,0,0,2,8,2,Entrepreunariat,Occasionnel,11
4,3,3,1,3,437,3,Oui,11%,27,M,4478,Célibataire,Commercial,Cadre Commercial,1,5,0,0,3,2,3,Infra & Cloud,Occasionnel,0
4,3,4,4,3,438,3,Non,12%,31,M,7547,Divorcé(e),Commercial,Cadre Commercial,4,7,0,3,3,7,3,Marketing,Occasionnel,1
1,4,4,3,2,439,3,Non,16%,32,F,5055,Célibataire,Consulting,Assistant de Direction,7,7,0,0,0,2,4,Transformation Digitale,Occasionnel,0
1,1,4,4,2,440,3,Oui,13%,28,M,3464,Marié(e),Consulting,Assistant de Direction,5,3,1,0,4,2,4,Transformation Digitale,Occasionnel,2
4,3,4,4,3,441,3,Non,13%,30,F,5775,Marié(e),Consulting,Assistant de Direction,1,10,0,2,2,28,2,Transformation Digitale,Occasionnel,1
3,2,3,1,3,442,4,Non,24%,31,F,8943,Marié(e),Consulting,Tech Lead,1,10,0,1,2,7,2,Infra & Cloud,Frequent,8
3,2,4,1,3,444,3,Non,15%,39,M,19272,Marié(e),Consulting,Senior Manager,1,21,0,1,2,7,2,Transformation Digitale,Frequent,13
4,3,3,1,2,445,3,Oui,18%,39,F,5238,Marié(e),Commercial,Cadre Commercial,4,1,1,0,3,3,2,Transformation Digitale,Occasionnel,0
2,2,4,3,2,446,3,Non,14%,33,M,4682,Célibataire,Commercial,Cadre Commercial,3,7,0,0,6,10,3,Marketing,Frequent,0
4,3,3,2,3,447,3,Non,11%,47,M,18300,Marié(e),Consulting,Directeur Technique,4,3,0,1,2,5,5,Infra & Cloud,Occasionnel,1
3,2,3,2,4,448,3,Non,11%,43,F,5257,Divorcé(e),Consulting,Consultant,1,9,0,1,3,10,4,Infra & Cloud,Frequent,0
3,3,2,4,3,449,3,Oui,13%,27,M,6349,Marié(e),Commercial,Cadre Commercial,0,5,0,1,0,1,1,Marketing,Aucun,1
4,3,3,4,2,450,3,Non,12%,54,F,4869,Célibataire,Consulting,Assistant de Direction,3,4,0,0,4,20,4,Infra & Cloud,Frequent,0
3,3,1,1,2,451,3,Non,16%,43,F,9985,Marié(e),Consulting,Manager,8,1,0,1,1,7,3,Infra & Cloud,Occasionnel,0
4,3,4,1,3,452,3,Non,14%,45,M,3697,Marié(e),Consulting,Assistant de Direction,9,10,0,2,3,8,4,Autre,Occasionnel,9
2,1,4,3,2,453,4,Oui,22%,40,M,7457,Marié(e),Commercial,Cadre Commercial,2,4,0,3,2,1,2,Transformation Digitale,Occasionnel,0
2,1,1,4,2,454,3,Oui,11%,29,M,2119,Marié(e),Consulting,Consultant,1,7,1,0,4,8,4,Autre,Occasionnel,0
2,2,4,3,3,455,3,Non,17%,29,M,3983,Célibataire,Consulting,Consultant,0,3,0,0,2,9,5,Autre,Occasionnel,2
4,2,3,3,3,456,3,Non,13%,30,F,6118,Divorcé(e),Commercial,Cadre Commercial,1,10,0,3,2,5,3,Marketing,Occasionnel,1
2,3,2,1,3,458,3,Non,18%,27,F,6214,Marié(e),Commercial,Cadre Commercial,1,8,0,1,3,8,4,Marketing,Occasionnel,0
4,3,4,3,2,460,3,Non,16%,37,M,6347,Divorcé(e),Consulting,Tech Lead,7,6,0,2,2,5,2,Transformation Digitale,Occasionnel,0
3,2,4,2,3,461,3,Oui,14%,38,M,11510,Divorcé(e),Consulting,Directeur Technique,0,11,0,1,3,15,2,Infra & Cloud,Occasionnel,2
3,3,4,3,2,462,3,Oui,14%,31,F,7143,Célibataire,Consulting,Tech Lead,1,11,0,0,2,7,4,Transformation Digitale,Occasionnel,4
4,2,2,1,3,463,3,Oui,14%,29,F,8268,Divorcé(e),Commercial,Cadre Commercial,1,7,0,2,2,10,1,Marketing,Occasionnel,1
3,3,2,4,3,464,3,Non,13%,35,M,8095,Célibataire,Consulting,Tech Lead,0,16,0,0,5,5,4,Entrepreunariat,Occasionnel,0
3,3,4,3,2,465,3,Non,12%,23,M,2904,Divorcé(e),Consulting,Assistant de Direction,1,4,0,2,2,26,1,Infra & Cloud,Occasionnel,0
4,2,2,4,3,466,3,Oui,15%,41,M,6032,Célibataire,Consulting,Tech Lead,6,5,0,0,3,6,3,Transformation Digitale,Occasionnel,1
2,3,3,1,3,467,3,Non,19%,47,M,2976,Célibataire,Commercial,Représentant Commercial,3,0,0,0,3,4,1,Transformation Digitale,Frequent,0
1,3,4,2,3,468,3,Non,14%,42,F,15992,Célibataire,Consulting,Directeur Technique,2,1,0,0,2,23,5,Infra & Cloud,Occasionnel,0
4,3,3,1,2,469,3,Non,14%,29,M,4649,Marié(e),Commercial,Cadre Commercial,1,4,0,1,3,2,3,Infra & Cloud,Aucun,0
3,3,3,3,3,470,3,Oui,11%,42,M,2696,Divorcé(e),Ressources Humaines,Ressources Humaines,0,3,0,1,5,2,1,Entrepreunariat,Occasionnel,1
3,3,2,3,3,471,3,Non,13%,32,F,2370,Marié(e),Consulting,Consultant,1,8,0,1,4,2,3,Transformation Digitale,Occasionnel,0
1,3,3,2,1,473,4,Non,21%,48,F,12504,Marié(e),Commercial,Senior Manager,3,0,0,1,3,29,1,Transformation Digitale,Occasionnel,0
3,4,1,1,3,474,3,Oui,13%,37,M,5974,Divorcé(e),Consulting,Assistant de Direction,4,7,0,2,2,6,3,Transformation Digitale,Occasionnel,6
4,3,3,2,4,475,3,Oui,12%,30,F,4736,Marié(e),Commercial,Cadre Commercial,7,2,0,1,2,25,2,Entrepreunariat,Aucun,2
3,3,3,2,3,476,3,Non,17%,26,M,5296,Marié(e),Commercial,Cadre Commercial,1,8,0,1,3,1,3,Infra & Cloud,Occasionnel,7
1,2,4,2,3,477,4,Non,23%,42,M,6781,Célibataire,Consulting,Manager,3,1,0,0,6,2,4,Autre,Occasionnel,0
1,2,2,3,3,478,3,Oui,11%,21,F,2174,Célibataire,Commercial,Représentant Commercial,1,3,1,0,3,1,1,Entrepreunariat,Frequent,1
4,3,4,2,3,479,3,Non,15%,36,F,6653,Célibataire,Commercial,Cadre Commercial,4,1,0,0,6,1,5,Transformation Digitale,Aucun,0
1,2,4,1,3,481,3,Non,11%,36,M,9699,Marié(e),Commercial,Cadre Commercial,4,13,0,1,2,3,4,Transformation Digitale,Frequent,1
4,3,3,3,3,482,3,Non,11%,57,M,6755,Marié(e),Consulting,Manager,2,3,0,0,2,1,4,Transformation Digitale,Occasionnel,1
4,4,3,3,3,483,3,Oui,13%,40,F,2213,Marié(e),Consulting,Consultant,3,7,0,1,3,10,4,Infra & Cloud,Occasionnel,1
1,3,4,3,2,484,4,Non,24%,21,M,2610,Célibataire,Commercial,Représentant Commercial,1,3,0,0,3,9,2,Transformation Digitale,Aucun,2
4,3,3,2,3,485,3,Oui,13%,33,F,2851,Célibataire,Commercial,Représentant Commercial,1,1,1,0,2,5,3,Marketing,Occasionnel,0
3,3,1,2,3,486,4,Non,20%,37,F,3452,Marié(e),Consulting,Consultant,6,5,0,1,3,10,3,Transformation Digitale,Occasionnel,0
3,3,3,3,4,487,3,Non,14%,46,F,5258,Marié(e),Consulting,Tech Lead,2,1,0,0,2,7,4,Transformation Digitale,Aucun,0
1,3,2,3,3,488,3,Non,18%,41,M,9355,Célibataire,Commercial,Cadre Commercial,1,8,1,0,5,4,3,Marketing,Frequent,7
4,2,4,4,3,491,3,Non,15%,50,M,10496,Célibataire,Consulting,Manager,6,4,0,0,2,10,3,Entrepreunariat,Occasionnel,1
3,2,3,1,3,492,3,Oui,12%,40,M,6380,Marié(e),Commercial,Cadre Commercial,2,6,1,2,6,22,2,Marketing,Occasionnel,1
3,2,2,4,3,493,3,Oui,16%,31,M,2657,Célibataire,Consulting,Assistant de Direction,0,2,0,0,5,9,4,Infra & Cloud,Occasionnel,2
3,4,2,4,3,494,3,Non,15%,21,F,2716,Célibataire,Commercial,Représentant Commercial,1,1,1,0,0,12,3,Infra & Cloud,Occasionnel,0
4,3,4,4,3,495,3,Non,16%,29,M,2201,Célibataire,Consulting,Assistant de Direction,9,3,0,0,4,23,3,Infra & Cloud,Occasionnel,1
3,2,2,3,3,496,3,Non,19%,35,M,6540,Célibataire,Consulting,Manager,9,1,0,0,5,9,4,Infra & Cloud,Occasionnel,0
4,3,2,2,3,497,3,Non,11%,27,M,3816,Divorcé(e),Consulting,Consultant,1,5,0,1,2,1,2,Transformation Digitale,Occasionnel,0
2,3,4,4,3,498,3,Non,16%,28,M,5253,Célibataire,Commercial,Cadre Commercial,1,7,0,0,1,9,4,Infra & Cloud,Occasionnel,0
2,2,3,3,3,499,4,Non,24%,49,M,10965,Célibataire,Consulting,Manager,8,5,0,0,2,7,3,Autre,Occasionnel,0
3,3,4,3,2,500,3,Non,11%,51,F,4936,Marié(e),Commercial,Cadre Commercial,4,7,0,1,2,14,2,Infra & Cloud,Occasionnel,0
4,3,3,2,3,501,3,Non,13%,36,F,2543,Marié(e),Consulting,Assistant de Direction,4,2,0,1,3,2,3,Infra & Cloud,Occasionnel,2
1,4,4,2,2,502,3,Oui,13%,34,M,5304,Célibataire,Commercial,Cadre Commercial,8,5,1,0,3,19,3,Marketing,Aucun,0
3,3,4,3,3,505,3,Oui,13%,55,F,16659,Célibataire,Consulting,Senior Manager,2,5,0,0,2,2,3,Infra & Cloud,Occasionnel,1
4,3,3,4,4,507,3,Oui,12%,24,F,4260,Divorcé(e),Commercial,Cadre Commercial,1,5,0,1,2,10,4,Marketing,Occasionnel,0
3,3,2,1,3,508,3,Non,18%,30,M,2476,Marié(e),Commercial,Représentant Commercial,1,1,0,1,3,2,1,Entrepreunariat,Occasionnel,0
3,3,1,3,3,510,4,Non,22%,26,M,3102,Célibataire,Consulting,Assistant de Direction,0,6,1,0,2,3,1,Entrepreunariat,Frequent,0
1,3,2,4,3,511,3,Non,13%,22,F,2244,Marié(e),Consulting,Assistant de Direction,1,2,0,1,1,11,3,Transformation Digitale,Occasionnel,1
2,2,3,2,3,513,3,Non,13%,36,M,7596,Marié(e),Commercial,Cadre Commercial,1,10,0,2,2,2,2,Transformation Digitale,Occasionnel,9
3,3,4,3,3,514,4,Oui,23%,30,M,2285,Célibataire,Consulting,Assistant de Direction,9,1,1,0,4,4,3,Entrepreunariat,Frequent,0
4,3,1,3,2,515,3,Non,12%,37,F,3034,Divorcé(e),Consulting,Consultant,1,18,0,1,2,14,3,Infra & Cloud,Occasionnel,12
4,3,2,3,3,516,3,Non,12%,40,F,5715,Divorcé(e),Commercial,Cadre Commercial,7,5,0,2,5,2,2,Marketing,Occasionnel,1
2,3,1,2,3,517,3,Non,16%,42,F,2576,Divorcé(e),Consulting,Consultant,3,5,0,1,5,1,4,Infra & Cloud,Occasionnel,1
3,3,2,4,2,518,3,Oui,12%,37,M,4197,Célibataire,Consulting,Tech Lead,2,1,0,0,2,10,4,Infra & Cloud,Occasionnel,0
1,2,2,3,3,520,3,Non,11%,43,M,14336,Divorcé(e),Consulting,Directeur Technique,1,25,0,1,3,12,3,Infra & Cloud,Occasionnel,3
2,2,3,2,3,521,4,Non,22%,40,F,3448,Marié(e),Consulting,Consultant,6,1,0,1,3,2,3,Transformation Digitale,Occasionnel,0
1,3,1,3,2,522,3,Non,11%,54,M,19406,Marié(e),Consulting,Directeur Technique,4,4,0,1,4,5,2,Transformation Digitale,Occasionnel,1
3,3,3,1,3,523,3,Non,15%,34,F,6538,Marié(e),Commercial,Cadre Commercial,9,3,0,1,3,4,4,Marketing,Aucun,1
2,3,1,2,1,524,3,Non,12%,31,F,4306,Marié(e),Consulting,Tech Lead,1,13,0,1,5,7,2,Transformation Digitale,Occasionnel,3
4,3,4,1,3,525,4,Non,20%,43,M,2258,Marié(e),Consulting,Consultant,7,3,0,1,1,21,3,Transformation Digitale,Frequent,1
3,3,3,4,3,526,3,Oui,14%,43,F,4522,Divorcé(e),Consulting,Manager,4,5,0,0,3,8,4,Autre,Occasionnel,0
2,2,4,2,3,527,3,Oui,11%,25,F,4487,Célibataire,Commercial,Cadre Commercial,1,5,0,0,3,4,2,Infra & Cloud,Occasionnel,1
2,3,3,1,3,529,3,Oui,15%,37,F,4449,Marié(e),Consulting,Assistant de Direction,3,13,0,2,2,25,5,Transformation Digitale,Aucun,10
4,2,1,3,3,530,3,Non,12%,31,M,2218,Marié(e),Consulting,Consultant,1,4,0,1,3,1,2,Infra & Cloud,Occasionnel,3
2,3,3,3,3,531,3,Oui,14%,39,M,19197,Divorcé(e),Consulting,Senior Manager,1,21,0,1,3,1,1,Infra & Cloud,Frequent,1
3,4,1,4,2,532,3,Non,11%,56,F,13212,Marié(e),Commercial,Cadre Commercial,9,7,0,3,0,6,3,Infra & Cloud,Frequent,7
2,3,3,2,3,533,3,Non,11%,30,F,6577,Célibataire,Commercial,Cadre Commercial,0,5,0,0,6,12,3,Entrepreunariat,Occasionnel,4
2,4,1,3,3,534,3,Non,16%,41,M,8392,Marié(e),Commercial,Cadre Commercial,1,10,0,1,2,1,3,Marketing,Occasionnel,0
3,3,1,4,3,536,3,Non,12%,28,M,4558,Divorcé(e),Consulting,Consultant,1,10,0,1,2,17,2,Transformation Digitale,Occasionnel,1
1,3,1,3,3,538,3,Non,13%,25,M,4031,Marié(e),Consulting,Consultant,5,2,1,1,5,3,3,Transformation Digitale,Occasionnel,0
4,2,3,3,3,543,3,Oui,14%,52,M,7969,Marié(e),Consulting,Tech Lead,2,5,0,0,4,3,3,Transformation Digitale,Occasionnel,0
1,3,4,4,2,544,4,Non,21%,45,M,2654,Marié(e),Consulting,Assistant de Direction,3,2,0,2,3,10,2,Infra & Cloud,Occasionnel,0
4,3,4,4,1,546,3,Non,13%,52,F,16555,Marié(e),Consulting,Senior Manager,2,5,0,0,2,4,2,Infra & Cloud,Occasionnel,1
1,3,3,2,3,547,3,Non,11%,42,F,4556,Divorcé(e),Consulting,Assistant de Direction,2,5,0,1,3,29,2,Infra & Cloud,Frequent,0
3,1,4,3,3,548,4,Non,20%,30,F,6091,Célibataire,Consulting,Tech Lead,2,5,0,0,2,2,3,Infra & Cloud,Occasionnel,0
1,3,1,4,1,549,3,Non,11%,60,F,19566,Marié(e),Consulting,Senior Manager,5,29,0,0,5,7,3,Infra & Cloud,Occasionnel,11
3,3,3,3,2,550,3,Non,14%,46,F,4810,Divorcé(e),Consulting,Tech Lead,2,10,0,1,5,18,3,Transformation Digitale,Occasionnel,0
4,2,4,4,4,551,3,Non,11%,42,F,4523,Marié(e),Consulting,Manager,0,6,0,3,4,28,4,Entrepreunariat,Frequent,0
1,3,2,2,3,554,3,Oui,16%,24,F,3202,Célibataire,Commercial,Représentant Commercial,1,5,1,0,4,1,1,Entrepreunariat,Occasionnel,1
4,1,3,4,2,555,3,Non,16%,34,F,2351,Divorcé(e),Commercial,Représentant Commercial,0,2,1,1,3,6,2,Marketing,Frequent,1
4,3,4,3,3,556,4,Oui,23%,38,M,1702,Marié(e),Consulting,Consultant,1,1,0,1,3,2,2,Infra & Cloud,Frequent,0
3,3,3,4,3,558,3,Non,14%,40,F,18041,Marié(e),Commercial,Senior Manager,0,20,0,0,2,2,4,Infra & Cloud,Occasionnel,1
1,3,4,2,1,560,4,Non,22%,26,F,2886,Divorcé(e),Consulting,Assistant de Direction,1,3,0,2,3,23,3,Infra & Cloud,Occasionnel,0
3,3,4,3,1,562,3,Non,15%,30,M,2097,Marié(e),Consulting,Consultant,4,5,0,1,3,3,3,Infra & Cloud,Aucun,1
2,2,3,3,3,564,3,Non,18%,29,M,11935,Marié(e),Consulting,Directeur Technique,1,10,0,0,2,3,4,Transformation Digitale,Occasionnel,0
3,2,2,2,4,565,3,Non,16%,29,F,2546,Marié(e),Consulting,Assistant de Direction,5,2,1,0,2,25,5,Entrepreunariat,Occasionnel,1
1,2,4,3,4,566,3,Non,12%,19,M,2564,Célibataire,Ressources Humaines,Ressources Humaines,1,1,1,0,3,2,2,Entrepreunariat,Occasionnel,0
3,3,1,3,3,567,3,Non,11%,30,F,8412,Marié(e),Commercial,Cadre Commercial,0,9,0,0,3,22,4,Autre,Aucun,7
1,2,4,3,2,568,3,Non,12%,57,M,14118,Divorcé(e),Commercial,Senior Manager,3,1,0,1,3,29,3,Marketing,Occasionnel,0
2,2,3,2,3,569,3,Non,15%,50,M,17046,Marié(e),Consulting,Senior Manager,0,27,0,1,2,29,4,Infra & Cloud,Occasionnel,15
3,3,4,3,2,571,3,Non,14%,30,F,2564,Célibataire,Consulting,Consultant,0,11,0,0,2,2,3,Transformation Digitale,Aucun,6
3,2,1,4,4,573,3,Non,19%,60,F,10266,Marié(e),Commercial,Cadre Commercial,4,18,0,0,5,28,3,Marketing,Frequent,13
1,3,4,3,3,574,3,Non,13%,47,F,5070,Divorcé(e),Consulting,Tech Lead,5,5,0,3,2,2,2,Transformation Digitale,Occasionnel,0
1,3,3,3,1,575,3,Non,13%,46,M,17861,Marié(e),Consulting,Directeur Technique,6,3,0,0,2,2,3,Infra & Cloud,Occasionnel,0
4,1,3,3,3,577,3,Non,15%,35,M,4230,Célibataire,Consulting,Consultant,0,5,0,0,2,22,3,Infra & Cloud,Occasionnel,4
3,3,3,3,3,578,3,Non,11%,54,F,3780,Célibataire,Consulting,Consultant,7,1,0,0,3,8,4,Infra & Cloud,Occasionnel,0
4,2,3,3,3,579,3,Non,12%,34,M,2768,Divorcé(e),Consulting,Assistant de Direction,3,7,0,1,3,2,4,Infra & Cloud,Occasionnel,5
3,2,4,3,3,580,3,Oui,19%,46,F,9071,Marié(e),Commercial,Cadre Commercial,2,3,0,1,3,10,3,Marketing,Occasionnel,1
3,3,2,4,4,581,4,Non,25%,31,M,10648,Divorcé(e),Consulting,Tech Lead,1,13,0,1,6,9,1,Infra & Cloud,Occasionnel,0
2,3,3,4,4,582,3,Oui,12%,33,M,13610,Marié(e),Consulting,Senior Manager,7,7,1,0,2,15,1,Transformation Digitale,Occasionnel,7
1,1,4,1,3,584,3,Non,13%,33,M,3408,Divorcé(e),Consulting,Consultant,7,4,1,3,2,10,1,Transformation Digitale,Occasionnel,1
4,3,2,1,3,585,3,Non,14%,30,M,2983,Célibataire,Commercial,Représentant Commercial,0,3,0,0,3,7,1,Marketing,Occasionnel,1
4,3,3,3,3,586,3,Oui,12%,35,M,7632,Marié(e),Consulting,Manager,4,8,0,0,2,16,3,Infra & Cloud,Occasionnel,0
1,3,3,1,3,587,3,Non,12%,31,M,9824,Marié(e),Consulting,Manager,3,1,1,0,2,20,3,Infra & Cloud,Frequent,0
2,3,1,3,3,590,3,Oui,15%,34,F,9950,Divorcé(e),Ressources Humaines,Ressources Humaines,9,3,1,3,2,23,3,Ressources Humaines,Frequent,0
2,3,3,4,3,591,3,Non,17%,42,M,2093,Marié(e),Consulting,Consultant,4,2,0,1,4,5,2,Autre,Frequent,2
2,3,4,4,2,592,3,Non,14%,36,M,9980,Célibataire,Commercial,Cadre Commercial,1,10,0,0,3,10,4,Transformation Digitale,Aucun,9
3,2,3,3,3,593,3,Non,16%,22,M,3894,Célibataire,Consulting,Consultant,5,2,1,0,3,4,1,Entrepreunariat,Frequent,1
2,3,4,1,3,595,3,Non,14%,48,F,4051,Marié(e),Commercial,Cadre Commercial,2,9,0,1,2,2,5,Marketing,Occasionnel,6
1,3,2,4,3,597,4,Non,23%,55,F,16835,Célibataire,Commercial,Senior Manager,3,10,0,0,2,18,5,Infra & Cloud,Occasionnel,7
4,3,4,4,3,599,3,Non,14%,41,M,6230,Célibataire,Commercial,Cadre Commercial,7,14,0,0,3,10,2,Infra & Cloud,Aucun,1
2,3,3,3,3,600,3,Non,11%,35,M,4717,Marié(e),Commercial,Cadre Commercial,9,11,0,0,2,1,3,Marketing,Occasionnel,6
2,3,3,3,3,601,3,Non,15%,40,F,13237,Célibataire,Consulting,Tech Lead,7,20,0,0,3,6,3,Infra & Cloud,Occasionnel,5
3,3,3,1,3,602,3,Non,11%,39,F,3755,Marié(e),Consulting,Consultant,1,8,0,1,3,8,1,Infra & Cloud,Frequent,0
2,3,4,3,4,604,3,Oui,13%,31,M,6582,Célibataire,Commercial,Cadre Commercial,4,6,0,0,2,2,1,Infra & Cloud,Occasionnel,0
4,3,1,4,2,605,4,Oui,21%,42,M,7406,Marié(e),Consulting,Tech Lead,1,10,0,1,5,24,3,Transformation Digitale,Occasionnel,5
4,3,2,2,4,606,3,Non,19%,45,M,4805,Marié(e),Commercial,Cadre Commercial,0,8,0,1,3,2,3,Autre,Occasionnel,3
2,3,3,2,2,608,3,Oui,11%,26,F,2741,Divorcé(e),Ressources Humaines,Ressources Humaines,0,7,1,1,2,17,4,Infra & Cloud,Frequent,1
4,3,4,2,4,611,3,Non,12%,29,M,4262,Divorcé(e),Consulting,Tech Lead,4,3,0,2,2,19,3,Entrepreunariat,Occasionnel,1
1,4,3,3,3,612,3,Non,19%,33,F,16184,Divorcé(e),Consulting,Directeur Technique,4,6,0,1,2,1,5,Transformation Digitale,Occasionnel,0
3,2,4,3,2,613,4,Non,21%,31,M,11557,Divorcé(e),Commercial,Senior Manager,9,5,0,1,3,7,3,Infra & Cloud,Occasionnel,0
2,3,2,4,3,614,3,Oui,14%,18,M,1878,Célibataire,Commercial,Représentant Commercial,1,0,1,0,3,5,3,Marketing,Frequent,0
3,1,1,3,3,615,3,Non,15%,40,M,10932,Divorcé(e),Commercial,Cadre Commercial,3,1,0,1,2,28,3,Autre,Aucun,0
1,2,3,1,3,616,3,Oui,17%,41,F,6811,Célibataire,Consulting,Manager,2,8,0,0,3,2,4,Autre,Aucun,0
1,3,3,1,3,618,3,Non,12%,26,M,4306,Divorcé(e),Commercial,Cadre Commercial,5,0,0,2,5,29,2,Transformation Digitale,Occasionnel,0
1,3,3,4,3,620,3,Non,16%,35,F,4859,Célibataire,Commercial,Cadre Commercial,1,5,0,0,3,1,3,Transformation Digitale,Occasionnel,0
4,4,4,4,3,621,3,Non,12%,34,M,5337,Célibataire,Commercial,Cadre Commercial,1,10,0,0,3,21,4,Infra & Cloud,Occasionnel,5
3,1,4,2,1,622,3,Oui,18%,26,M,2340,Célibataire,Consulting,Consultant,1,1,1,0,3,24,3,Entrepreunariat,Occasionnel,0
2,3,4,4,4,623,3,Non,17%,37,F,7491,Célibataire,Consulting,Tech Lead,4,6,0,0,3,1,3,Entrepreunariat,Occasionnel,1
1,3,3,4,2,624,3,Non,11%,46,F,10527,Marié(e),Consulting,Manager,5,2,0,0,3,18,1,Transformation Digitale,Frequent,1
2,3,1,2,3,625,3,Non,16%,41,F,16595,Marié(e),Commercial,Senior Manager,7,18,0,1,2,2,5,Infra & Cloud,Occasionnel,11
1,3,2,4,3,626,3,Non,13%,37,M,8834,Divorcé(e),Commercial,Cadre Commercial,1,9,0,1,6,9,4,Transformation Digitale,Aucun,7
4,3,1,2,3,630,3,Oui,12%,52,M,5577,Divorcé(e),Consulting,Assistant de Direction,3,10,0,2,3,6,2,Entrepreunariat,Occasionnel,6
4,4,3,4,3,631,3,Non,12%,32,M,4707,Marié(e),Commercial,Cadre Commercial,8,4,1,0,2,11,4,Autre,Aucun,1
4,3,4,3,3,632,3,Non,13%,24,M,2400,Marié(e),Commercial,Représentant Commercial,0,2,0,2,3,24,3,Transformation Digitale,Frequent,2
3,3,3,3,3,634,3,Non,19%,38,F,9824,Marié(e),Consulting,Manager,3,1,0,1,4,10,3,Transformation Digitale,Occasionnel,0
2,3,2,2,2,635,3,Non,12%,37,F,6447,Marié(e),Consulting,Tech Lead,6,6,0,1,2,1,4,Infra & Cloud,Occasionnel,4
4,2,3,3,3,638,3,Oui,17%,49,M,19502,Divorcé(e),Consulting,Directeur Technique,1,31,0,1,5,18,4,Infra & Cloud,Occasionnel,0
2,4,4,2,3,639,3,Oui,11%,24,M,2725,Marié(e),Consulting,Assistant de Direction,1,6,0,2,3,23,3,Transformation Digitale,Occasionnel,1
1,3,2,4,4,641,4,Non,20%,26,M,6272,Marié(e),Commercial,Cadre Commercial,1,5,0,2,5,28,2,Marketing,Occasionnel,1
4,2,2,4,3,643,4,Non,21%,24,M,2127,Marié(e),Consulting,Consultant,1,1,0,1,2,17,2,Autre,Occasionnel,0
1,3,2,3,3,644,3,Non,11%,50,M,18200,Marié(e),Ressources Humaines,Senior Manager,1,32,0,1,2,3,3,Transformation Digitale,Frequent,10
2,3,3,3,3,645,3,Non,11%,25,M,2096,Marié(e),Commercial,Représentant Commercial,1,7,0,0,1,13,1,Transformation Digitale,Occasionnel,0
1,3,3,4,3,647,3,Oui,16%,24,F,2886,Marié(e),Consulting,Consultant,1,6,1,1,4,7,3,Infra & Cloud,Frequent,1
2,2,1,3,4,648,3,Non,18%,30,M,2033,Marié(e),Commercial,Représentant Commercial,1,1,1,1,2,12,4,Infra & Cloud,Frequent,0
2,2,4,4,3,649,3,Oui,13%,34,M,3622,Marié(e),Consulting,Assistant de Direction,1,6,0,1,3,1,2,Infra & Cloud,Occasionnel,1
2,3,1,3,1,650,3,Non,17%,31,M,4233,Divorcé(e),Commercial,Cadre Commercial,2,3,1,0,2,13,4,Transformation Digitale,Occasionnel,1
1,2,4,4,3,652,3,Non,14%,35,M,3681,Célibataire,Consulting,Consultant,4,3,0,0,3,25,2,Autre,Occasionnel,0
1,4,4,4,4,653,4,Non,22%,31,M,5460,Divorcé(e),Commercial,Cadre Commercial,4,7,0,2,4,6,4,Transformation Digitale,Occasionnel,5
1,2,3,3,2,655,3,Non,12%,27,F,2187,Divorcé(e),Consulting,Assistant de Direction,0,5,0,2,5,6,4,Transformation Digitale,Occasionnel,0
4,3,3,3,2,656,3,Oui,11%,37,M,9602,Marié(e),Commercial,Cadre Commercial,4,3,0,1,3,2,3,Marketing,Occasionnel,1
4,2,2,4,4,657,3,Non,13%,20,F,2836,Célibataire,Consulting,Assistant de Direction,1,1,0,0,0,1,3,Infra & Cloud,Occasionnel,0
3,3,4,2,3,659,3,Non,13%,42,F,4089,Marié(e),Consulting,Manager,1,10,0,2,4,2,4,Infra & Cloud,Occasionnel,2
2,2,4,3,2,661,3,Oui,14%,43,M,16627,Divorcé(e),Consulting,Directeur Technique,4,1,0,1,3,6,4,Autre,Occasionnel,0
3,3,1,4,2,662,3,Non,17%,38,F,2619,Célibataire,Consulting,Assistant de Direction,3,0,0,0,3,1,1,Infra & Cloud,Occasionnel,0
4,3,3,2,3,663,3,Oui,13%,43,M,5679,Divorcé(e),Consulting,Consultant,3,8,0,1,3,9,5,Transformation Digitale,Frequent,4
4,2,1,1,1,664,3,Non,11%,48,F,15402,Marié(e),Consulting,Senior Manager,7,3,0,1,3,1,4,Infra & Cloud,Occasionnel,0
1,2,3,2,4,665,3,Non,11%,44,F,5985,Célibataire,Ressources Humaines,Ressources Humaines,4,2,0,0,1,1,4,Infra & Cloud,Occasionnel,0
3,3,3,4,3,666,3,Oui,18%,34,F,2579,Divorcé(e),Commercial,Représentant Commercial,1,8,0,2,3,14,3,Entrepreunariat,Occasionnel,0
3,3,1,2,3,667,3,Non,11%,27,M,3041,Divorcé(e),Commercial,Représentant Commercial,0,4,1,1,3,2,1,Marketing,Occasionnel,0
3,3,3,3,3,669,3,Non,11%,21,M,3447,Célibataire,Commercial,Représentant Commercial,1,3,0,0,2,22,1,Entrepreunariat,Occasionnel,1
4,3,4,1,4,671,3,Oui,12%,44,M,19513,Marié(e),Consulting,Senior Manager,4,2,0,1,2,3,4,Autre,Occasionnel,0
1,3,3,4,3,675,4,Non,20%,22,M,2773,Marié(e),Consulting,Assistant de Direction,0,2,0,0,3,6,1,Transformation Digitale,Occasionnel,2
3,3,3,4,3,677,3,Non,12%,33,M,7104,Divorcé(e),Commercial,Cadre Commercial,0,5,0,0,3,8,4,Marketing,Occasionnel,1
1,3,4,4,2,679,3,Oui,12%,32,F,6322,Marié(e),Consulting,Assistant de Direction,1,6,0,1,2,9,4,Infra & Cloud,Occasionnel,0
3,3,3,3,3,680,4,Non,20%,30,F,2083,Divorcé(e),Consulting,Assistant de Direction,1,1,0,1,2,3,3,Transformation Digitale,Frequent,0
4,3,1,4,4,682,4,Non,20%,53,F,8381,Célibataire,Commercial,Cadre Commercial,7,14,0,0,2,1,1,Transformation Digitale,Occasionnel,8
2,3,4,4,2,683,3,Non,12%,34,M,2691,Marié(e),Consulting,Assistant de Direction,1,10,0,1,4,1,5,Infra & Cloud,Occasionnel,8
1,3,1,4,3,684,3,Non,14%,45,F,4286,Marié(e),Commercial,Cadre Commercial,2,1,1,2,4,26,4,Infra & Cloud,Frequent,0
3,3,4,3,3,686,3,Oui,13%,26,F,2659,Marié(e),Consulting,Consultant,1,3,0,1,2,6,3,Infra & Cloud,Occasionnel,0
3,3,3,3,3,689,3,Non,15%,37,M,9434,Marié(e),Consulting,Tech Lead,1,10,0,1,2,3,3,Autre,Occasionnel,7
2,3,3,1,2,690,3,Non,14%,29,F,5561,Marié(e),Commercial,Cadre Commercial,1,6,0,1,5,3,2,Transformation Digitale,Occasionnel,1
2,1,4,2,3,691,3,Non,13%,35,M,6646,Célibataire,Consulting,Assistant de Direction,1,17,0,0,3,6,4,Infra & Cloud,Occasionnel,11
3,3,4,3,1,692,4,Non,23%,33,M,7725,Divorcé(e),Consulting,Manager,3,13,0,1,2,6,3,Infra & Cloud,Frequent,4
3,3,2,3,4,698,3,Non,15%,54,M,10725,Marié(e),Ressources Humaines,Ressources Humaines,2,9,0,1,1,19,4,Transformation Digitale,Occasionnel,7
2,2,2,3,3,699,3,Oui,11%,36,M,8847,Divorcé(e),Consulting,Tech Lead,2,3,0,1,2,9,2,Transformation Digitale,Occasionnel,0
1,2,4,4,3,700,3,Non,13%,27,M,2045,Célibataire,Consulting,Assistant de Direction,0,4,0,0,0,3,4,Transformation Digitale,Occasionnel,1
4,3,3,4,3,701,3,Oui,11%,20,M,1009,Célibataire,Consulting,Assistant de Direction,1,1,1,0,5,10,1,Transformation Digitale,Occasionnel,1
1,3,1,1,3,702,3,Oui,11%,33,M,3348,Célibataire,Consulting,Assistant de Direction,1,10,1,0,3,3,3,Infra & Cloud,Frequent,9
3,2,3,3,3,704,3,Non,18%,35,M,1281,Marié(e),Consulting,Consultant,1,1,0,2,3,3,3,Infra & Cloud,Aucun,0
1,4,1,1,4,705,3,Non,16%,23,M,2819,Marié(e),Consulting,Assistant de Direction,2,3,0,1,3,4,3,Transformation Digitale,Occasionnel,0
4,4,2,3,3,707,4,Non,22%,25,M,4851,Marié(e),Commercial,Cadre Commercial,0,3,0,1,4,8,3,Infra & Cloud,Occasionnel,1
4,2,4,1,3,709,4,Non,20%,38,F,4028,Célibataire,Commercial,Cadre Commercial,0,7,0,0,2,7,4,Marketing,Occasionnel,0
2,1,4,4,3,710,3,Non,18%,29,M,2720,Divorcé(e),Consulting,Assistant de Direction,1,10,0,1,5,1,4,Infra & Cloud,Frequent,2
2,4,2,4,3,712,3,Non,12%,48,M,8120,Marié(e),Commercial,Cadre Commercial,3,2,0,0,3,2,1,Marketing,Occasionnel,2
4,4,4,2,3,714,4,Oui,20%,27,F,4647,Divorcé(e),Commercial,Cadre Commercial,1,6,0,2,3,3,1,Transformation Digitale,Frequent,0
4,4,4,1,3,715,3,Non,17%,37,M,4680,Célibataire,Consulting,Assistant de Direction,3,1,0,0,2,10,2,Infra & Cloud,Occasionnel,0
4,4,3,3,3,716,3,Oui,11%,50,M,3221,Marié(e),Consulting,Consultant,1,20,0,3,3,28,1,Transformation Digitale,Occasionnel,3
4,2,2,2,4,717,3,Non,14%,34,F,8621,Célibataire,Consulting,Manager,1,8,0,0,3,9,3,Transformation Digitale,Occasionnel,7
1,3,3,1,3,720,3,Non,14%,24,F,4577,Célibataire,Commercial,Cadre Commercial,9,2,1,0,3,3,2,Infra & Cloud,Occasionnel,2
4,2,3,1,3,721,3,Non,11%,39,F,4553,Célibataire,Consulting,Manager,1,20,0,0,4,2,4,Entrepreunariat,Occasionnel,11
4,3,4,4,2,722,3,Non,12%,32,M,5396,Célibataire,Commercial,Cadre Commercial,1,10,0,0,2,10,3,Marketing,Occasionnel,0
2,3,3,1,3,723,3,Oui,14%,50,M,6796,Marié(e),Commercial,Cadre Commercial,3,4,1,1,4,8,2,Entrepreunariat,Frequent,1
2,4,4,3,2,724,3,Non,13%,38,F,7625,Célibataire,Consulting,Manager,0,9,0,0,4,1,4,Infra & Cloud,Occasionnel,1
3,3,1,4,3,725,3,Non,11%,27,F,7412,Marié(e),Consulting,Tech Lead,1,9,0,0,3,1,2,Infra & Cloud,Occasionnel,0
3,3,4,4,3,727,3,Non,15%,32,F,11159,Célibataire,Consulting,Directeur Technique,3,7,0,0,6,3,2,Infra & Cloud,Occasionnel,7
4,3,1,4,3,728,3,Non,12%,47,M,4960,Célibataire,Commercial,Cadre Commercial,2,7,0,0,2,14,4,Marketing,Occasionnel,1
4,2,1,3,3,729,4,Oui,21%,40,M,10475,Marié(e),Commercial,Cadre Commercial,5,18,0,1,2,5,4,Infra & Cloud,Frequent,1
3,4,3,3,3,730,3,Non,19%,53,M,14814,Marié(e),Consulting,Directeur Technique,3,5,0,0,3,7,3,Infra & Cloud,Occasionnel,1
2,2,4,2,2,731,3,Non,15%,41,M,19141,Divorcé(e),Ressources Humaines,Senior Manager,3,21,0,3,2,10,4,Ressources Humaines,Occasionnel,12
1,3,1,4,3,732,3,Non,14%,60,M,5405,Célibataire,Commercial,Cadre Commercial,8,2,0,0,1,16,4,Marketing,Occasionnel,2
4,3,1,3,2,733,4,Non,21%,27,M,8793,Divorcé(e),Consulting,Tech Lead,1,9,0,2,4,10,2,Infra & Cloud,Frequent,1
4,2,3,2,3,734,3,Non,12%,41,M,19189,Marié(e),Ressources Humaines,Senior Manager,1,22,0,1,3,1,3,Ressources Humaines,Occasionnel,2
4,3,2,4,3,738,3,Non,15%,50,M,3875,Marié(e),Commercial,Représentant Commercial,7,2,0,1,2,8,4,Marketing,Occasionnel,2
1,1,2,4,3,741,3,Oui,13%,28,F,2216,Célibataire,Consulting,Assistant de Direction,7,7,1,0,4,1,2,Infra & Cloud,Occasionnel,3
1,4,1,1,3,742,3,Non,14%,36,F,11713,Marié(e),Consulting,Directeur Technique,9,8,0,1,2,8,3,Infra & Cloud,Aucun,0
3,3,3,4,4,743,3,Oui,14%,38,F,7861,Célibataire,Consulting,Tech Lead,4,1,0,0,4,1,3,Infra & Cloud,Occasionnel,0
1,1,3,3,3,744,3,Non,14%,44,M,3708,Célibataire,Consulting,Consultant,2,5,0,0,5,24,3,Transformation Digitale,Aucun,1
4,3,3,4,2,746,3,Oui,12%,47,F,13770,Divorcé(e),Commercial,Cadre Commercial,9,22,0,2,2,3,3,Transformation Digitale,Frequent,11
3,3,4,4,2,747,4,Non,23%,30,M,5304,Divorcé(e),Commercial,Cadre Commercial,7,8,0,1,2,27,5,Marketing,Occasionnel,7
3,3,3,3,3,749,3,Non,11%,29,M,2642,Célibataire,Commercial,Représentant Commercial,1,1,0,0,6,10,3,Infra & Cloud,Occasionnel,0
3,4,3,4,3,752,3,Oui,12%,42,M,2759,Divorcé(e),Consulting,Assistant de Direction,6,2,1,0,2,19,3,Transformation Digitale,Frequent,2
4,2,4,3,3,754,3,Non,18%,43,M,6804,Marié(e),Commercial,Cadre Commercial,3,2,0,1,5,15,3,Infra & Cloud,Frequent,2
2,3,3,4,3,757,3,Non,11%,34,F,6142,Célibataire,Consulting,Manager,3,5,0,0,2,8,2,Transformation Digitale,Occasionnel,4
2,3,1,4,4,758,3,Non,14%,23,M,2500,Marié(e),Consulting,Consultant,1,4,0,1,2,9,1,Transformation Digitale,Occasionnel,0
3,4,2,3,1,760,3,Non,15%,39,F,6389,Marié(e),Ressources Humaines,Ressources Humaines,9,8,0,1,3,3,3,Ressources Humaines,Occasionnel,3
3,3,4,3,2,762,3,Non,11%,56,M,11103,Marié(e),Consulting,Manager,7,10,0,0,1,9,3,Transformation Digitale,Occasionnel,1
4,2,4,4,2,763,4,Oui,20%,40,F,2342,Célibataire,Consulting,Assistant de Direction,0,4,0,0,2,2,1,Transformation Digitale,Occasionnel,2
4,2,1,1,1,764,3,Non,19%,27,F,6811,Célibataire,Consulting,Manager,8,7,0,0,2,7,3,Transformation Digitale,Occasionnel,0
4,3,2,4,3,766,3,Non,14%,29,M,2297,Divorcé(e),Commercial,Représentant Commercial,1,2,0,2,2,10,3,Marketing,Occasionnel,2
4,3,4,4,3,769,3,Non,17%,53,M,2450,Célibataire,Consulting,Consultant,2,2,0,0,4,6,3,Infra & Cloud,Occasionnel,2
4,3,1,1,4,771,3,Non,11%,35,F,5093,Divorcé(e),Consulting,Manager,2,1,0,1,2,2,4,Infra & Cloud,Aucun,0
1,3,4,4,3,772,3,Non,15%,32,M,5309,Marié(e),Consulting,Consultant,1,10,0,2,2,24,4,Infra & Cloud,Frequent,4
4,3,3,2,1,773,3,Oui,13%,38,M,3057,Marié(e),Consulting,Assistant de Direction,6,1,0,1,0,2,5,Transformation Digitale,Occasionnel,0
2,3,1,3,3,775,3,Non,14%,34,F,5121,Divorcé(e),Consulting,Tech Lead,3,0,0,1,3,8,5,Infra & Cloud,Occasionnel,0
3,2,1,1,4,776,3,Non,11%,52,M,16856,Marié(e),Commercial,Senior Manager,1,34,0,0,3,3,4,Marketing,Occasionnel,1
4,3,4,3,2,780,3,Oui,13%,33,M,2686,Célibataire,Consulting,Assistant de Direction,1,10,1,0,2,1,4,Autre,Occasionnel,7
3,3,4,2,2,781,4,Non,23%,25,F,6180,Célibataire,Commercial,Cadre Commercial,1,6,0,0,5,26,1,Transformation Digitale,Occasionnel,1
2,1,3,1,3,783,3,Non,13%,45,M,6632,Célibataire,Commercial,Représentant Commercial,0,8,0,0,3,2,2,Entrepreunariat,Occasionnel,3
1,4,3,4,3,784,3,Non,18%,23,M,3505,Célibataire,Consulting,Assistant de Direction,1,2,0,0,3,10,1,Transformation Digitale,Occasionnel,0
2,4,3,4,3,785,3,Oui,12%,47,F,6397,Célibataire,Commercial,Cadre Commercial,4,5,1,0,2,27,2,Infra & Cloud,Frequent,1
4,3,4,3,3,786,4,Non,22%,34,M,6274,Célibataire,Commercial,Cadre Commercial,1,6,0,0,5,2,3,Autre,Occasionnel,1
4,3,1,4,3,787,3,Oui,13%,55,M,19859,Marié(e),Consulting,Senior Manager,5,5,1,1,2,2,3,Transformation Digitale,Occasionnel,1
1,2,1,2,3,789,3,Non,15%,36,M,7587,Célibataire,Commercial,Cadre Commercial,1,10,0,0,1,8,4,Infra & Cloud,Aucun,0
4,3,4,1,3,791,3,Non,18%,52,M,4258,Marié(e),Consulting,Assistant de Direction,0,4,0,1,3,19,4,Transformation Digitale,Aucun,1
1,1,4,1,3,792,3,Non,14%,26,F,4364,Divorcé(e),Consulting,Consultant,3,2,0,1,2,1,2,Infra & Cloud,Frequent,2
2,3,3,1,2,793,3,Non,12%,29,F,4335,Marié(e),Consulting,Manager,4,8,0,1,3,27,3,Transformation Digitale,Occasionnel,1
4,2,1,3,2,796,3,Non,17%,26,M,5326,Célibataire,Commercial,Cadre Commercial,6,4,1,0,2,8,3,Entrepreunariat,Occasionnel,1
2,4,4,3,3,797,3,Non,16%,34,F,3280,Célibataire,Consulting,Assistant de Direction,2,4,0,0,2,1,4,Infra & Cloud,Occasionnel,1
4,3,1,2,3,799,3,Oui,11%,54,F,5485,Divorcé(e),Consulting,Tech Lead,9,5,0,2,4,19,4,Transformation Digitale,Occasionnel,1
3,3,4,2,3,800,3,Non,19%,27,M,4342,Marié(e),Commercial,Cadre Commercial,0,4,0,1,3,8,1,Marketing,Frequent,1
4,3,1,2,2,802,3,Oui,13%,37,F,2782,Divorcé(e),Consulting,Assistant de Direction,0,5,0,2,3,10,1,Infra & Cloud,Occasionnel,4
1,4,1,4,3,803,3,Oui,12%,38,F,5980,Célibataire,Consulting,Tech Lead,6,15,0,0,2,2,4,Infra & Cloud,Frequent,4
3,2,1,3,3,804,3,Non,11%,34,F,4381,Célibataire,Consulting,Assistant de Direction,1,6,0,0,3,2,4,Transformation Digitale,Occasionnel,1
1,3,4,2,2,805,3,Non,16%,35,F,2572,Marié(e),Commercial,Représentant Commercial,1,3,0,1,1,8,4,Infra & Cloud,Occasionnel,0
4,1,3,3,3,806,4,Non,21%,30,M,3833,Marié(e),Consulting,Consultant,3,2,0,2,2,1,3,Infra & Cloud,Occasionnel,0
3,4,2,4,3,807,4,Non,24%,40,F,4244,Marié(e),Consulting,Manager,1,8,0,1,2,2,2,Transformation Digitale,Frequent,3
3,3,1,2,3,808,3,Non,17%,34,F,6500,Marié(e),Commercial,Cadre Commercial,5,3,0,1,1,8,2,Infra & Cloud,Occasionnel,1
2,3,4,2,2,809,3,Non,13%,42,M,18430,Divorcé(e),Consulting,Senior Manager,1,24,0,1,4,8,3,Infra & Cloud,Frequent,14
3,4,1,3,3,811,4,Oui,21%,23,M,1601,Marié(e),Consulting,Consultant,1,0,1,2,2,6,3,Infra & Cloud,Occasionnel,0
3,2,2,3,3,812,3,Non,11%,24,M,2694,Divorcé(e),Consulting,Consultant,1,1,0,3,4,9,3,Infra & Cloud,Aucun,0
4,3,3,2,3,813,4,Non,20%,52,F,3149,Marié(e),Consulting,Consultant,8,5,0,1,3,11,4,Infra & Cloud,Occasionnel,1
3,3,3,4,3,815,3,Non,16%,50,M,17639,Marié(e),Consulting,Directeur Technique,5,4,0,0,3,2,3,Transformation Digitale,Occasionnel,0
2,2,1,4,3,816,3,Oui,11%,29,F,2319,Marié(e),Consulting,Consultant,1,1,1,1,1,1,2,Infra & Cloud,Occasionnel,0
3,3,3,4,4,817,3,Non,11%,33,M,11691,Marié(e),Consulting,Directeur Technique,0,13,0,0,3,7,3,Transformation Digitale,Occasionnel,3
1,3,1,3,3,819,3,Non,15%,33,F,5324,Célibataire,Commercial,Cadre Commercial,5,3,1,0,3,16,3,Marketing,Occasionnel,0
3,3,4,3,2,820,3,Oui,11%,47,F,16752,Marié(e),Consulting,Senior Manager,1,26,0,1,3,2,2,Autre,Occasionnel,3
3,3,2,1,3,823,3,Non,15%,36,F,5228,Marié(e),Consulting,Tech Lead,0,9,0,1,2,1,3,Autre,Occasionnel,0
3,4,3,3,3,824,4,Non,24%,29,M,2700,Marié(e),Consulting,Assistant de Direction,1,10,0,1,3,23,2,Infra & Cloud,Occasionnel,0
4,3,2,4,3,825,3,Oui,12%,58,M,19246,Célibataire,Consulting,Directeur Technique,7,31,1,0,2,2,4,Infra & Cloud,Occasionnel,13
4,4,3,3,3,826,3,Non,13%,35,F,2506,Célibataire,Consulting,Assistant de Direction,3,2,0,0,0,1,4,Infra & Cloud,Occasionnel,2
4,2,4,4,3,827,3,Oui,13%,42,F,6062,Marié(e),Consulting,Tech Lead,9,4,0,1,4,1,2,Infra & Cloud,Occasionnel,0
3,3,3,4,2,828,3,Non,17%,28,M,4382,Célibataire,Consulting,Assistant de Direction,6,2,1,0,3,2,4,Transformation Digitale,Occasionnel,2
3,3,2,2,3,829,3,Non,13%,36,M,2143,Marié(e),Ressources Humaines,Ressources Humaines,4,5,0,1,2,13,3,Ressources Humaines,Occasionnel,0
3,2,3,3,3,830,3,Non,12%,32,F,6162,Marié(e),Consulting,Tech Lead,1,14,0,1,3,4,3,Infra & Cloud,Occasionnel,6
1,2,3,4,3,832,3,Non,14%,40,M,5094,Célibataire,Consulting,Consultant,6,1,0,0,6,16,4,Transformation Digitale,Frequent,0
3,2,4,2,2,833,4,Oui,24%,30,F,6877,Célibataire,Consulting,Tech Lead,5,0,0,0,4,2,3,Transformation Digitale,Occasionnel,0
2,2,3,4,3,834,3,Non,14%,45,F,2274,Célibataire,Consulting,Assistant de Direction,1,1,0,0,3,2,3,Infra & Cloud,Occasionnel,0
2,3,2,4,2,836,3,Non,13%,42,M,4434,Marié(e),Consulting,Tech Lead,1,9,0,1,3,29,3,Infra & Cloud,Occasionnel,7
1,2,1,3,2,837,3,Non,15%,38,M,6288,Divorcé(e),Consulting,Manager,2,4,0,1,3,12,3,Infra & Cloud,Frequent,1
3,2,4,3,3,838,3,Non,16%,34,F,2553,Célibataire,Consulting,Assistant de Direction,1,5,0,0,3,16,4,Infra & Cloud,Frequent,1
3,3,4,1,4,840,3,Non,18%,49,F,7654,Marié(e),Commercial,Cadre Commercial,1,9,1,2,3,11,3,Marketing,Occasionnel,7
3,3,4,3,2,842,3,Non,16%,55,M,5160,Célibataire,Commercial,Cadre Commercial,4,9,1,0,3,2,1,Transformation Digitale,Occasionnel,7
2,3,1,3,3,843,4,Non,24%,43,M,17159,Marié(e),Consulting,Directeur Technique,6,4,0,1,3,14,2,Infra & Cloud,Occasionnel,1
3,2,4,2,3,844,3,Oui,16%,27,M,12808,Divorcé(e),Consulting,Directeur Technique,1,9,0,1,3,5,1,Entrepreunariat,Occasionnel,0
3,3,3,2,4,845,4,Non,21%,35,M,10221,Célibataire,Consulting,Tech Lead,3,8,0,0,3,7,3,Autre,Occasionnel,1
2,3,2,1,3,846,4,Oui,20%,28,F,4779,Marié(e),Commercial,Cadre Commercial,1,8,0,0,2,2,4,Marketing,Occasionnel,7
3,3,4,3,1,847,3,Non,19%,34,M,3737,Marié(e),Ressources Humaines,Ressources Humaines,0,3,0,1,1,3,2,Ressources Humaines,Occasionnel,0
3,2,3,1,3,848,3,Oui,14%,26,F,2366,Marié(e),Consulting,Assistant de Direction,1,8,1,1,2,5,2,Transformation Digitale,Frequent,1
4,3,4,3,2,850,3,Non,11%,27,M,1706,Marié(e),Consulting,Assistant de Direction,1,0,0,3,6,3,3,Transformation Digitale,Aucun,0
1,3,3,3,2,851,3,Non,14%,51,F,16307,Marié(e),Commercial,Senior Manager,2,20,0,1,2,26,4,Marketing,Occasionnel,4
4,3,2,4,2,852,3,Non,12%,44,M,5933,Célibataire,Consulting,Manager,9,5,0,0,2,4,3,Transformation Digitale,Occasionnel,2
1,4,1,3,2,854,3,Non,13%,25,M,3424,Célibataire,Consulting,Assistant de Direction,7,4,0,0,3,2,1,Transformation Digitale,Occasionnel,0
1,4,1,1,3,855,4,Non,22%,33,M,4037,Divorcé(e),Commercial,Cadre Commercial,1,9,0,1,5,1,3,Transformation Digitale,Occasionnel,0
3,2,1,4,2,856,3,Non,11%,35,F,2559,Célibataire,Consulting,Assistant de Direction,1,6,0,0,3,27,1,Transformation Digitale,Occasionnel,1
2,3,4,4,2,857,3,Oui,14%,36,M,6201,Marié(e),Commercial,Cadre Commercial,1,18,0,1,1,1,2,Infra & Cloud,Occasionnel,4
2,3,4,3,2,859,3,Non,11%,32,M,4403,Divorcé(e),Commercial,Cadre Commercial,2,5,0,1,3,13,4,Infra & Cloud,Occasionnel,0
2,2,4,2,2,861,3,Non,12%,30,M,3761,Divorcé(e),Consulting,Assistant de Direction,9,5,0,1,3,5,4,Infra & Cloud,Frequent,0
1,2,4,4,3,862,3,Oui,18%,53,F,10934,Marié(e),Commercial,Cadre Commercial,7,5,0,1,3,7,2,Marketing,Occasionnel,0
4,3,1,3,3,864,3,Oui,12%,45,M,10761,Divorcé(e),Commercial,Cadre Commercial,4,5,0,1,2,9,3,Marketing,Occasionnel,0
3,4,3,3,2,865,3,Non,12%,32,F,5175,Marié(e),Consulting,Assistant de Direction,5,5,0,1,3,8,2,Transformation Digitale,Occasionnel,1
3,2,4,3,3,867,4,Non,22%,52,F,13826,Marié(e),Consulting,Tech Lead,3,9,0,0,3,25,4,Transformation Digitale,Frequent,0
4,2,3,4,3,868,3,Non,19%,37,M,6334,Divorcé(e),Commercial,Cadre Commercial,4,1,0,2,2,16,4,Marketing,Occasionnel,0
2,2,4,4,3,869,3,Non,13%,28,M,4936,Divorcé(e),Ressources Humaines,Ressources Humaines,1,5,0,1,6,8,2,Transformation Digitale,Occasionnel,0
4,2,4,1,1,872,4,Non,22%,22,M,4775,Marié(e),Consulting,Tech Lead,6,2,0,2,2,1,2,Infra & Cloud,Occasionnel,2
1,4,4,3,2,874,4,Oui,24%,44,M,2818,Marié(e),Consulting,Consultant,2,3,0,1,2,8,4,Infra & Cloud,Occasionnel,0
2,3,4,4,3,875,3,Oui,14%,42,M,2515,Célibataire,Consulting,Assistant de Direction,5,2,0,0,2,2,1,Transformation Digitale,Frequent,2
1,2,1,3,3,878,4,Non,21%,36,M,2342,Marié(e),Ressources Humaines,Ressources Humaines,0,5,0,0,3,8,3,Infra & Cloud,Occasionnel,0
3,3,1,4,3,879,3,Oui,18%,25,M,4194,Marié(e),Commercial,Cadre Commercial,1,5,0,0,3,3,1,Autre,Occasionnel,0
4,2,3,2,3,880,4,Oui,20%,35,F,10685,Marié(e),Consulting,Tech Lead,1,17,0,1,2,9,3,Infra & Cloud,Occasionnel,5
4,3,2,1,2,881,3,Oui,19%,35,F,2022,Divorcé(e),Consulting,Assistant de Direction,1,10,1,1,3,25,4,Infra & Cloud,Frequent,7
4,3,4,2,3,882,3,Non,12%,32,M,2314,Divorcé(e),Consulting,Consultant,0,3,0,1,2,1,3,Infra & Cloud,Aucun,0
3,2,1,1,4,885,3,Non,12%,25,M,4256,Marié(e),Commercial,Cadre Commercial,1,5,0,0,1,4,1,Marketing,Occasionnel,0
3,3,1,2,3,887,3,Non,16%,49,F,3580,Marié(e),Consulting,Assistant de Direction,2,4,0,1,2,1,3,Entrepreunariat,Occasionnel,0
1,2,4,4,2,888,3,Non,17%,24,M,3162,Marié(e),Consulting,Consultant,0,5,0,0,2,4,1,Infra & Cloud,Aucun,3
2,3,2,4,3,889,3,Non,14%,32,M,6524,Marié(e),Commercial,Cadre Commercial,1,10,0,1,3,5,2,Infra & Cloud,Frequent,5
2,2,2,4,3,893,3,Non,19%,38,M,2899,Marié(e),Commercial,Représentant Commercial,0,2,0,1,3,9,3,Marketing,Occasionnel,1
3,4,4,2,2,894,3,Oui,13%,42,F,5231,Marié(e),Consulting,Consultant,2,5,0,1,1,3,3,Infra & Cloud,Occasionnel,1
4,3,4,2,3,895,3,Oui,19%,31,M,2356,Marié(e),Consulting,Assistant de Direction,3,6,0,1,2,11,4,Infra & Cloud,Occasionnel,0
2,2,3,3,3,896,3,Oui,19%,29,F,2800,Divorcé(e),Commercial,Représentant Commercial,6,3,1,3,3,1,3,Transformation Digitale,Occasionnel,0
1,3,4,3,3,897,3,Non,14%,53,M,11836,Marié(e),Commercial,Cadre Commercial,5,2,0,1,3,8,3,Marketing,Occasionnel,2
4,2,2,1,3,899,3,Non,16%,35,M,10903,Marié(e),Consulting,Tech Lead,3,13,0,0,2,25,3,Entrepreunariat,Occasionnel,4
3,3,4,2,3,900,3,Non,15%,37,F,2973,Marié(e),Commercial,Représentant Commercial,5,5,0,1,3,21,2,Transformation Digitale,Frequent,0
4,3,4,3,3,901,3,Non,18%,53,F,14275,Célibataire,Consulting,Directeur Technique,6,12,0,0,0,23,4,Infra & Cloud,Occasionnel,3
4,3,4,2,2,902,3,Non,13%,43,F,5562,Marié(e),Consulting,Manager,4,5,0,1,2,1,3,Infra & Cloud,Frequent,2
3,3,4,1,3,903,4,Oui,22%,47,F,4537,Marié(e),Commercial,Cadre Commercial,0,7,0,1,2,2,2,Marketing,Occasionnel,7
1,3,2,4,3,904,3,Oui,13%,37,M,7642,Célibataire,Commercial,Cadre Commercial,1,10,0,0,2,19,2,Transformation Digitale,Aucun,0
1,3,1,4,3,905,3,Non,11%,50,M,17924,Divorcé(e),Consulting,Senior Manager,1,31,0,1,3,2,4,Infra & Cloud,Aucun,14
4,2,4,3,3,909,3,Non,11%,39,F,5204,Marié(e),Ressources Humaines,Ressources Humaines,8,5,0,2,2,2,3,Infra & Cloud,Occasionnel,0
4,3,2,3,4,910,3,Oui,11%,33,M,2277,Divorcé(e),Ressources Humaines,Ressources Humaines,3,4,0,1,4,3,2,Ressources Humaines,Occasionnel,0
1,3,4,3,1,911,4,Oui,24%,32,M,2795,Célibataire,Consulting,Consultant,1,1,1,0,2,25,4,Infra & Cloud,Occasionnel,0
1,2,4,3,3,912,3,Non,14%,29,F,2532,Divorcé(e),Consulting,Consultant,6,4,0,3,5,7,1,Transformation Digitale,Occasionnel,0
2,3,1,4,3,913,3,Oui,13%,44,M,2559,Marié(e),Consulting,Assistant de Direction,1,8,0,0,0,9,2,Infra & Cloud,Occasionnel,7
1,3,4,2,3,916,3,Non,14%,28,M,4908,Célibataire,Commercial,Cadre Commercial,1,4,0,0,3,5,4,Transformation Digitale,Occasionnel,0
4,2,4,4,2,918,3,Oui,14%,58,M,2380,Divorcé(e),Consulting,Consultant,9,1,1,1,3,2,1,Infra & Cloud,Frequent,0
1,3,2,3,4,920,4,Non,21%,43,F,4765,Divorcé(e),Consulting,Tech Lead,4,1,0,1,2,8,3,Infra & Cloud,Occasionnel,0
3,2,3,4,2,922,3,Non,13%,20,F,2044,Célibataire,Commercial,Représentant Commercial,1,2,1,0,3,2,3,Transformation Digitale,Occasionnel,0
4,3,4,1,2,923,3,Non,19%,21,F,2693,Célibataire,Consulting,Assistant de Direction,1,1,1,0,3,18,1,Autre,Occasionnel,0
3,3,4,1,2,924,3,Oui,17%,36,M,6586,Marié(e),Consulting,Manager,0,16,0,1,2,14,1,Infra & Cloud,Occasionnel,4
4,2,4,1,2,925,3,Oui,18%,47,F,3294,Célibataire,Commercial,Représentant Commercial,1,3,0,0,3,2,4,Infra & Cloud,Occasionnel,1
2,3,3,1,4,926,3,Oui,19%,22,F,4171,Marié(e),Consulting,Tech Lead,0,3,1,1,3,3,1,Infra & Cloud,Occasionnel,0
2,1,4,3,2,927,3,Oui,13%,41,F,2778,Divorcé(e),Consulting,Consultant,4,7,1,1,1,2,4,Infra & Cloud,Occasionnel,1
3,3,3,2,3,930,3,Non,18%,28,F,2377,Divorcé(e),Consulting,Assistant de Direction,5,2,0,1,2,9,3,Transformation Digitale,Occasionnel,2
4,3,1,4,1,932,4,Oui,21%,39,M,2404,Marié(e),Consulting,Consultant,7,2,1,0,2,6,3,Transformation Digitale,Occasionnel,2
2,3,3,3,3,933,3,Non,19%,27,F,2318,Célibataire,Consulting,Assistant de Direction,1,1,0,0,2,4,3,Infra & Cloud,Occasionnel,0
2,3,2,2,3,934,3,Non,14%,34,M,2008,Divorcé(e),Consulting,Consultant,1,1,0,2,3,10,3,Infra & Cloud,Occasionnel,1
3,2,3,1,3,936,3,Non,17%,42,F,6244,Célibataire,Commercial,Cadre Commercial,7,5,0,0,6,14,2,Transformation Digitale,Occasionnel,0
3,2,1,2,3,939,3,Oui,11%,33,M,2799,Célibataire,Consulting,Assistant de Direction,3,3,0,0,1,1,4,Autre,Occasionnel,0
3,2,2,4,3,940,3,Oui,13%,58,F,10552,Divorcé(e),Consulting,Manager,2,6,0,1,3,5,3,Entrepreunariat,Occasionnel,0
2,2,3,2,4,941,3,Non,15%,31,M,2329,Marié(e),Commercial,Représentant Commercial,3,7,0,0,2,7,4,Infra & Cloud,Occasionnel,5
4,3,4,4,1,942,4,Oui,25%,35,F,4014,Marié(e),Consulting,Manager,1,10,0,1,2,21,1,Infra & Cloud,Occasionnel,0
1,3,2,3,2,944,3,Non,11%,49,F,7403,Marié(e),Consulting,Consultant,4,26,0,1,3,8,2,Autre,Occasionnel,1
4,3,3,1,2,945,3,Non,17%,48,M,2259,Marié(e),Consulting,Assistant de Direction,4,0,0,2,2,20,4,Transformation Digitale,Occasionnel,0
4,3,3,4,2,947,3,Non,13%,31,F,6932,Marié(e),Commercial,Cadre Commercial,1,9,0,1,2,20,2,Marketing,Aucun,0
2,3,4,3,3,949,3,Non,18%,36,M,4678,Célibataire,Consulting,Assistant de Direction,2,6,0,0,6,7,4,Autre,Occasionnel,0
4,3,1,2,3,950,3,Non,13%,38,F,13582,Marié(e),Consulting,Directeur Technique,1,15,0,1,3,1,3,Entrepreunariat,Occasionnel,5
3,2,2,3,3,951,4,Non,20%,32,F,2332,Marié(e),Consulting,Consultant,6,3,0,0,3,1,3,Infra & Cloud,Aucun,0
3,2,2,3,3,952,3,Oui,18%,25,M,2413,Marié(e),Commercial,Représentant Commercial,1,1,1,3,2,19,2,Marketing,Occasionnel,0
1,2,2,2,2,954,3,Non,12%,40,M,9705,Divorcé(e),Commercial,Cadre Commercial,2,1,0,1,2,10,4,Marketing,Occasionnel,0
3,2,1,2,3,956,3,Non,12%,26,M,4294,Célibataire,Commercial,Cadre Commercial,1,7,0,0,2,1,3,Transformation Digitale,Frequent,0
4,3,1,3,3,957,3,Oui,13%,41,M,4721,Célibataire,Consulting,Consultant,2,18,0,0,3,6,3,Transformation Digitale,Occasionnel,2
3,3,3,3,3,958,4,Non,21%,36,M,2519,Célibataire,Consulting,Consultant,4,11,0,0,6,2,4,Transformation Digitale,Occasionnel,3
4,2,2,2,4,959,3,Oui,13%,19,M,2121,Célibataire,Commercial,Représentant Commercial,1,1,1,0,3,21,3,Autre,Occasionnel,0
1,3,1,2,3,960,3,Non,19%,20,M,2973,Célibataire,Consulting,Consultant,1,1,1,0,2,4,3,Entrepreunariat,Occasionnel,0
4,3,4,3,1,961,3,Oui,11%,31,F,5855,Marié(e),Consulting,Manager,0,9,0,2,2,12,3,Transformation Digitale,Occasionnel,8
4,3,2,4,3,964,3,Oui,14%,40,M,3617,Divorcé(e),Consulting,Assistant de Direction,8,1,0,1,2,9,4,Transformation Digitale,Frequent,0
3,3,1,3,4,966,3,Non,12%,32,F,6725,Marié(e),Consulting,Tech Lead,1,8,0,1,2,3,4,Transformation Digitale,Occasionnel,6
3,2,4,1,3,967,3,Oui,11%,36,M,10325,Marié(e),Commercial,Cadre Commercial,1,16,1,1,6,3,1,Infra & Cloud,Occasionnel,3
2,2,4,1,3,969,3,Non,14%,33,F,6949,Célibataire,Consulting,Manager,0,5,0,0,3,1,3,Infra & Cloud,Occasionnel,1
1,2,3,3,1,970,3,Non,11%,37,M,10609,Marié(e),Commercial,Cadre Commercial,5,14,1,0,2,1,4,Infra & Cloud,Occasionnel,11
3,3,2,2,2,972,3,Non,12%,45,M,4447,Marié(e),Consulting,Consultant,1,9,0,0,5,4,2,Infra & Cloud,Aucun,0
3,3,4,2,3,974,3,Non,15%,29,F,2157,Marié(e),Commercial,Représentant Commercial,1,3,0,1,5,20,3,Entrepreunariat,Frequent,0
3,3,3,2,3,975,3,Non,16%,35,F,4601,Marié(e),Commercial,Cadre Commercial,1,5,0,0,3,18,3,Transformation Digitale,Occasionnel,1
4,3,4,2,2,976,3,Non,15%,52,M,17099,Marié(e),Consulting,Senior Manager,2,9,0,1,2,1,2,Infra & Cloud,Occasionnel,7
4,3,3,1,3,977,4,Non,24%,58,M,2479,Célibataire,Consulting,Assistant de Direction,4,1,1,0,4,2,3,Entrepreunariat,Occasionnel,0
3,3,3,3,4,981,3,Non,13%,53,M,14852,Divorcé(e),Commercial,Senior Manager,6,17,0,1,3,2,2,Transformation Digitale,Occasionnel,15
3,3,3,1,4,982,3,Non,11%,30,M,7264,Divorcé(e),Commercial,Cadre Commercial,5,8,0,1,2,8,2,Autre,Occasionnel,7
3,3,4,2,3,983,3,Oui,13%,38,F,5666,Célibataire,Commercial,Cadre Commercial,1,5,0,0,1,10,3,Entrepreunariat,Aucun,1
4,3,4,2,3,984,3,Non,13%,35,M,7823,Divorcé(e),Commercial,Cadre Commercial,6,10,0,1,2,3,4,Infra & Cloud,Occasionnel,0
1,4,3,4,3,985,3,Non,18%,39,M,7880,Célibataire,Commercial,Cadre Commercial,0,8,0,0,3,2,5,Infra & Cloud,Occasionnel,0
2,4,2,4,2,986,3,Oui,16%,40,F,13194,Célibataire,Commercial,Cadre Commercial,4,1,1,0,2,24,3,Infra & Cloud,Aucun,0
3,4,3,3,4,987,3,Oui,19%,47,M,5067,Divorcé(e),Consulting,Tech Lead,1,19,0,0,3,16,4,Transformation Digitale,Frequent,2
1,3,4,4,3,990,3,Non,13%,36,M,5079,Divorcé(e),Commercial,Cadre Commercial,4,7,0,2,3,8,4,Entrepreunariat,Aucun,0
3,2,1,1,3,991,4,Oui,22%,31,M,2321,Célibataire,Consulting,Assistant de Direction,0,3,1,0,0,9,2,Transformation Digitale,Aucun,1
4,3,3,4,3,992,3,Non,11%,33,M,17444,Célibataire,Commercial,Senior Manager,1,10,0,0,2,17,3,Infra & Cloud,Aucun,6
4,2,1,3,3,994,4,Oui,20%,29,F,2404,Célibataire,Consulting,Assistant de Direction,6,0,1,0,5,10,3,Infra & Cloud,Occasionnel,0
2,3,4,1,3,995,3,Non,18%,33,F,3452,Célibataire,Consulting,Assistant de Direction,3,3,0,0,4,13,1,Infra & Cloud,Occasionnel,0
4,3,4,4,3,996,3,Non,14%,45,F,2270,Divorcé(e),Consulting,Consultant,3,5,0,2,2,1,4,Transformation Digitale,Occasionnel,0
4,3,4,3,2,997,4,Non,22%,50,M,17399,Divorcé(e),Consulting,Directeur Technique,9,5,0,1,1,1,2,Transformation Digitale,Occasionnel,1
3,4,2,1,3,998,3,Oui,13%,33,F,5488,Marié(e),Consulting,Manager,1,6,0,1,2,1,4,Autre,Frequent,1
1,3,3,2,4,999,3,Non,17%,41,M,19419,Divorcé(e),Consulting,Directeur Technique,2,18,0,1,2,9,3,Transformation Digitale,Frequent,0
3,3,2,2,3,1001,3,Non,14%,27,F,2811,Marié(e),Consulting,Consultant,9,2,0,1,2,16,4,Entrepreunariat,Occasionnel,2
4,3,1,3,3,1002,3,Oui,15%,45,M,3633,Marié(e),Consulting,Consultant,1,9,0,1,2,23,2,Infra & Cloud,Aucun,0
4,3,4,3,3,1003,3,Oui,17%,47,F,4163,Célibataire,Commercial,Cadre Commercial,1,9,0,0,0,4,2,Infra & Cloud,Occasionnel,0
1,3,3,2,3,1004,3,Oui,11%,30,F,2132,Marié(e),Consulting,Assistant de Direction,4,5,1,0,2,22,3,Infra & Cloud,Occasionnel,0
4,3,3,4,3,1005,3,Oui,18%,50,M,13973,Marié(e),Consulting,Tech Lead,3,12,0,1,2,24,3,Infra & Cloud,Occasionnel,1
3,3,3,2,2,1006,3,Non,17%,38,M,2684,Marié(e),Consulting,Assistant de Direction,0,2,0,1,0,10,1,Transformation Digitale,Frequent,0
4,3,3,2,3,1007,3,Non,13%,46,M,10845,Divorcé(e),Consulting,Tech Lead,6,8,0,1,3,7,2,Transformation Digitale,Occasionnel,0
4,2,3,2,3,1009,3,Non,15%,24,F,4377,Divorcé(e),Consulting,Tech Lead,1,4,0,2,6,17,1,Transformation Digitale,Occasionnel,3
3,2,2,4,1,1010,4,Oui,24%,35,M,3743,Divorcé(e),Consulting,Consultant,1,4,1,1,2,14,4,Autre,Occasionnel,0
3,3,1,3,3,1011,3,Non,12%,31,F,4148,Marié(e),Consulting,Tech Lead,1,4,0,1,1,1,1,Infra & Cloud,Frequent,0
2,3,4,4,3,1012,3,Non,15%,18,M,1051,Célibataire,Consulting,Assistant de Direction,1,0,0,0,2,5,2,Infra & Cloud,Aucun,0
3,3,3,3,3,1013,3,Non,11%,54,F,10739,Marié(e),Consulting,Tech Lead,8,10,0,1,2,17,3,Entrepreunariat,Occasionnel,0
3,3,3,3,2,1014,3,Oui,11%,35,F,10388,Divorcé(e),Consulting,Manager,1,16,0,1,3,25,4,Transformation Digitale,Occasionnel,10
2,4,1,3,2,1015,3,Oui,12%,30,F,11416,Marié(e),Consulting,Directeur Technique,0,8,0,3,4,8,2,Infra & Cloud,Occasionnel,1
4,2,1,1,3,1016,3,Oui,15%,20,F,2600,Célibataire,Consulting,Assistant de Direction,1,1,1,0,2,11,3,Transformation Digitale,Occasionnel,0
2,3,2,1,3,1017,3,Non,17%,30,F,2422,Célibataire,Consulting,Consultant,0,3,1,0,3,5,3,Transformation Digitale,Frequent,1
4,4,4,2,3,1018,3,Non,12%,26,M,5472,Marié(e),Consulting,Tech Lead,1,8,0,0,2,2,2,Transformation Digitale,Occasionnel,1
2,1,1,1,2,1019,3,Non,15%,22,M,2451,Marié(e),Consulting,Consultant,1,4,0,1,3,8,1,Infra & Cloud,Occasionnel,1
1,2,3,4,3,1022,3,Non,13%,48,M,4240,Célibataire,Consulting,Manager,2,2,0,0,0,6,3,Infra & Cloud,Occasionnel,2
3,2,3,2,3,1024,3,Non,14%,48,M,10999,Célibataire,Consulting,Manager,7,15,0,0,3,4,4,Infra & Cloud,Occasionnel,4
4,3,3,2,3,1025,3,Non,14%,41,F,5003,Célibataire,Consulting,Tech Lead,6,2,0,0,6,7,2,Transformation Digitale,Occasionnel,2
4,2,4,3,3,1026,3,Non,16%,39,F,12742,Marié(e),Consulting,Tech Lead,1,21,0,1,3,1,1,Infra & Cloud,Occasionnel,11
1,3,4,2,3,1027,3,Non,18%,27,F,4227,Marié(e),Consulting,Tech Lead,0,3,0,1,2,2,4,Infra & Cloud,Occasionnel,2
2,3,4,1,2,1028,4,Non,20%,35,M,3917,Divorcé(e),Consulting,Consultant,1,3,0,1,4,10,3,Autre,Occasionnel,1
4,3,3,2,4,1029,3,Non,13%,42,M,18303,Marié(e),Commercial,Senior Manager,6,1,0,0,3,5,2,Marketing,Occasionnel,0
1,3,4,2,3,1030,3,Non,18%,50,M,2380,Marié(e),Consulting,Consultant,4,1,0,0,5,9,3,Infra & Cloud,Occasionnel,0
3,2,4,1,3,1032,3,Oui,13%,59,F,13726,Célibataire,Consulting,Tech Lead,3,5,0,0,4,2,3,Infra & Cloud,Occasionnel,4
1,1,2,1,1,1033,3,Non,15%,37,F,4777,Marié(e),Consulting,Manager,5,1,1,0,2,11,2,Transformation Digitale,Occasionnel,0
3,3,2,4,3,1034,3,Oui,14%,55,M,6385,Marié(e),Consulting,Manager,3,8,0,2,3,18,4,Transformation Digitale,Frequent,6
2,1,3,2,3,1035,4,Non,22%,41,F,19973,Divorcé(e),Consulting,Directeur Technique,1,21,0,2,3,7,1,Infra & Cloud,Aucun,5
2,3,4,3,3,1036,3,Oui,12%,38,M,6861,Célibataire,Commercial,Cadre Commercial,8,1,0,0,1,3,4,Infra & Cloud,Occasionnel,0
2,1,1,4,3,1037,3,Non,18%,26,M,4969,Célibataire,Commercial,Cadre Commercial,8,2,1,0,6,29,2,Transformation Digitale,Aucun,2
1,1,4,4,3,1038,3,Non,15%,52,F,19845,Marié(e),Commercial,Senior Manager,1,32,1,1,3,2,1,Marketing,Occasionnel,6
4,4,4,3,3,1039,3,Oui,18%,44,F,13320,Marié(e),Commercial,Cadre Commercial,3,12,0,1,2,28,3,Transformation Digitale,Occasionnel,11
4,3,3,1,3,1040,3,Non,12%,50,F,6347,Marié(e),Commercial,Cadre Commercial,0,18,0,1,3,1,3,Infra & Cloud,Aucun,0
3,4,1,3,3,1042,3,Non,16%,36,F,2743,Célibataire,Consulting,Consultant,1,17,1,0,1,16,4,Infra & Cloud,Occasionnel,15
4,3,1,3,3,1043,3,Oui,13%,39,F,10880,Célibataire,Consulting,Tech Lead,1,21,0,0,2,22,3,Transformation Digitale,Frequent,2
2,2,4,4,2,1044,3,Non,19%,33,F,2342,Célibataire,Commercial,Représentant Commercial,0,2,0,0,2,8,1,Infra & Cloud,Aucun,2
4,3,4,2,4,1045,3,Non,13%,45,F,17650,Marié(e),Commercial,Senior Manager,3,9,0,1,4,11,2,Infra & Cloud,Occasionnel,1
4,3,3,2,3,1046,3,Non,12%,32,F,4025,Célibataire,Consulting,Consultant,9,8,0,0,2,29,4,Transformation Digitale,Aucun,7
2,4,4,4,2,1047,3,Non,11%,34,M,9725,Divorcé(e),Commercial,Cadre Commercial,0,15,0,1,2,1,4,Marketing,Occasionnel,0
2,3,4,3,1,1048,3,Oui,14%,59,M,11904,Marié(e),Commercial,Senior Manager,3,6,0,1,1,1,2,Entrepreunariat,Occasionnel,0
2,3,2,1,3,1049,3,Non,16%,45,M,2177,Célibataire,Ressources Humaines,Ressources Humaines,1,6,0,0,3,24,4,Transformation Digitale,Occasionnel,0
3,2,2,1,3,1050,3,Non,12%,53,F,7525,Marié(e),Commercial,Cadre Commercial,2,15,0,1,2,2,3,Marketing,Frequent,6
1,3,3,2,2,1052,3,Non,14%,36,M,4834,Divorcé(e),Consulting,Consultant,7,1,1,1,3,15,3,Autre,Occasionnel,0
1,3,1,2,3,1053,3,Oui,14%,26,M,2042,Marié(e),Consulting,Assistant de Direction,6,3,1,1,2,2,3,Infra & Cloud,Frequent,1
3,3,3,4,3,1055,3,Oui,19%,34,F,2220,Marié(e),Commercial,Représentant Commercial,1,1,0,1,2,10,4,Infra & Cloud,Occasionnel,0
4,3,2,2,3,1056,4,Non,22%,28,M,1052,Marié(e),Commercial,Représentant Commercial,1,1,0,0,5,10,1,Transformation Digitale,Occasionnel,0
3,3,3,1,3,1060,3,Non,16%,38,M,2821,Marié(e),Consulting,Assistant de Direction,3,2,0,1,2,3,4,Autre,Frequent,2
2,3,3,4,2,1061,3,Oui,11%,50,M,19237,Marié(e),Consulting,Directeur Technique,2,8,0,1,2,2,4,Transformation Digitale,Occasionnel,7
4,3,2,1,2,1062,3,Non,15%,37,F,4107,Célibataire,Consulting,Manager,3,4,0,0,3,3,3,Autre,Occasionnel,0
3,3,1,2,2,1066,3,Non,14%,40,M,8396,Marié(e),Commercial,Cadre Commercial,1,7,0,1,3,26,3,Marketing,Occasionnel,7
1,2,3,3,3,1068,3,Non,13%,26,F,2007,Divorcé(e),Consulting,Assistant de Direction,1,5,0,2,5,1,1,Transformation Digitale,Frequent,1
4,3,4,4,3,1069,3,Non,17%,46,M,19627,Divorcé(e),Consulting,Directeur Technique,9,2,0,2,0,1,4,Transformation Digitale,Occasionnel,2
3,2,3,2,3,1070,3,Non,11%,54,F,10686,Marié(e),Commercial,Cadre Commercial,6,9,0,1,4,2,4,Infra & Cloud,Occasionnel,7
1,3,3,2,3,1071,3,Non,19%,56,F,2942,Marié(e),Consulting,Assistant de Direction,2,5,0,1,4,9,3,Transformation Digitale,Frequent,0
4,2,4,2,2,1073,3,Non,11%,36,F,8858,Célibataire,Consulting,Tech Lead,0,14,0,0,2,12,5,Transformation Digitale,Occasionnel,7
3,2,1,2,4,1074,3,Non,15%,55,M,16756,Célibataire,Consulting,Senior Manager,7,9,0,0,3,2,1,Transformation Digitale,Aucun,6
3,2,4,3,3,1076,3,Non,13%,43,M,10798,Divorcé(e),Commercial,Cadre Commercial,5,1,0,1,5,25,3,Transformation Digitale,Occasionnel,0
4,3,4,2,3,1077,3,Oui,14%,20,F,2323,Célibataire,Commercial,Représentant Commercial,1,2,1,0,3,9,3,Marketing,Frequent,0
3,2,1,1,2,1079,3,Non,13%,21,F,1416,Célibataire,Consulting,Consultant,1,1,1,0,6,10,3,Infra & Cloud,Occasionnel,1
4,2,1,1,3,1080,4,Oui,23%,46,F,4615,Divorcé(e),Consulting,Assistant de Direction,8,16,0,3,2,8,4,Infra & Cloud,Occasionnel,1
1,3,3,3,4,1081,3,Oui,12%,51,M,2461,Marié(e),Consulting,Assistant de Direction,9,10,1,3,2,4,4,Infra & Cloud,Occasionnel,2
2,2,1,1,2,1082,3,Non,12%,28,M,8722,Célibataire,Consulting,Manager,1,10,1,0,2,24,2,Entrepreunariat,Aucun,1
1,2,1,1,3,1083,3,Non,16%,26,M,3955,Marié(e),Consulting,Consultant,1,5,0,2,2,1,2,Transformation Digitale,Occasionnel,1
3,3,1,3,2,1084,3,Non,15%,30,M,9957,Marié(e),Consulting,Tech Lead,0,6,0,1,1,20,3,Autre,Occasionnel,0
2,4,3,3,3,1085,3,Non,13%,41,F,3376,Marié(e),Consulting,Assistant de Direction,1,10,0,0,3,7,2,Entrepreunariat,Occasionnel,0
3,2,3,1,2,1088,3,Non,18%,38,F,8823,Marié(e),Consulting,Manager,0,19,0,1,4,17,1,Infra & Cloud,Occasionnel,1
1,3,4,4,3,1092,4,Non,20%,40,M,10322,Marié(e),Consulting,Manager,4,11,0,1,6,20,4,Entrepreunariat,Occasionnel,11
1,1,3,4,3,1094,3,Non,19%,27,M,4621,Marié(e),Consulting,Consultant,1,3,0,3,4,8,5,Infra & Cloud,Aucun,1
4,3,2,2,3,1096,3,Non,18%,55,M,10976,Marié(e),Consulting,Tech Lead,3,3,0,1,4,2,1,Infra & Cloud,Frequent,1
3,3,3,4,4,1097,3,Non,13%,28,F,3660,Célibataire,Consulting,Assistant de Direction,3,8,0,0,4,10,3,Autre,Occasionnel,1
2,2,1,4,3,1098,3,Non,14%,44,M,10482,Marié(e),Ressources Humaines,Ressources Humaines,9,20,1,1,1,1,2,Transformation Digitale,Occasionnel,3
4,2,4,3,3,1099,3,Non,15%,33,M,7119,Divorcé(e),Consulting,Manager,4,3,0,1,2,5,3,Infra & Cloud,Occasionnel,1
4,3,1,1,3,1100,4,Oui,22%,35,M,9582,Célibataire,Commercial,Cadre Commercial,0,8,1,0,2,4,3,Entrepreunariat,Occasionnel,4
1,2,3,2,3,1101,4,Non,22%,33,F,4508,Célibataire,Consulting,Assistant de Direction,1,13,1,0,4,29,4,Transformation Digitale,Frequent,3
1,3,3,4,2,1102,3,Non,16%,28,M,2207,Divorcé(e),Consulting,Consultant,1,4,0,1,5,15,2,Infra & Cloud,Occasionnel,2
1,3,4,3,2,1103,3,Non,17%,34,M,7756,Célibataire,Consulting,Manager,0,6,0,0,1,3,1,Infra & Cloud,Frequent,0
4,2,4,3,3,1105,3,Oui,14%,37,F,6694,Divorcé(e),Commercial,Cadre Commercial,2,1,0,3,5,10,4,Infra & Cloud,Occasionnel,0
4,3,4,2,4,1106,3,Oui,15%,25,M,3691,Marié(e),Consulting,Consultant,1,7,1,1,3,4,1,Entrepreunariat,Occasionnel,5
1,3,3,3,2,1107,4,Non,20%,26,M,2377,Divorcé(e),Consulting,Consultant,1,1,1,1,0,21,3,Transformation Digitale,Occasionnel,0
1,2,2,2,3,1108,4,Oui,20%,33,M,2313,Célibataire,Consulting,Assistant de Direction,4,2,1,0,0,25,3,Transformation Digitale,Occasionnel,2
4,3,1,4,3,1109,3,Non,17%,42,M,17665,Marié(e),Consulting,Senior Manager,0,22,0,1,3,2,2,Transformation Digitale,Occasionnel,13
1,2,2,1,3,1111,3,Non,15%,28,M,2596,Divorcé(e),Consulting,Consultant,1,1,1,2,2,1,3,Transformation Digitale,Frequent,0
4,3,3,4,3,1113,3,Oui,14%,50,M,4728,Célibataire,Commercial,Cadre Commercial,3,0,1,0,4,1,4,Autre,Frequent,0
4,3,2,3,3,1114,3,Non,17%,33,F,4302,Marié(e),Commercial,Cadre Commercial,0,3,0,1,3,7,3,Infra & Cloud,Frequent,0
3,2,4,4,3,1115,3,Non,17%,34,M,2979,Marié(e),Consulting,Assistant de Direction,3,0,0,3,2,3,4,Infra & Cloud,Aucun,0
1,4,4,3,2,1116,4,Non,22%,48,M,16885,Célibataire,Consulting,Senior Manager,2,5,0,0,3,1,4,Transformation Digitale,Aucun,2
2,2,3,4,3,1117,3,Non,13%,45,F,5593,Marié(e),Commercial,Cadre Commercial,1,15,0,1,2,9,4,Infra & Cloud,Aucun,4
2,3,2,4,3,1118,3,Non,19%,52,M,10445,Célibataire,Consulting,Manager,7,8,0,0,4,7,4,Infra & Cloud,Occasionnel,4
3,2,3,2,3,1119,3,Oui,14%,38,M,8740,Divorcé(e),Commercial,Cadre Commercial,0,8,0,2,2,10,4,Marketing,Occasionnel,2
3,3,4,1,3,1120,4,Non,22%,29,F,2514,Divorcé(e),Consulting,Assistant de Direction,4,7,0,1,1,28,4,Infra & Cloud,Occasionnel,1
4,3,2,2,2,1121,3,Non,17%,28,F,7655,Divorcé(e),Consulting,Tech Lead,0,9,0,3,3,3,3,Transformation Digitale,Occasionnel,1
1,3,3,4,3,1124,3,Non,12%,46,M,17465,Marié(e),Commercial,Senior Manager,3,12,0,1,3,3,1,Marketing,Occasionnel,4
4,3,2,3,3,1125,3,Non,16%,38,M,7351,Célibataire,Commercial,Cadre Commercial,7,1,0,0,2,2,2,Marketing,Occasionnel,0
3,3,1,3,3,1126,3,Non,11%,43,F,10820,Marié(e),Consulting,Tech Lead,8,8,0,1,1,27,3,Infra & Cloud,Frequent,0
1,3,4,4,3,1127,3,Non,11%,39,M,12169,Divorcé(e),Consulting,Manager,7,18,1,3,4,2,3,Infra & Cloud,Frequent,11
3,2,3,1,4,1128,3,Non,14%,40,M,19626,Célibataire,Consulting,Directeur Technique,1,20,0,0,2,14,3,Transformation Digitale,Occasionnel,4
4,2,2,3,4,1131,3,Oui,11%,21,F,2070,Célibataire,Consulting,Assistant de Direction,1,2,0,0,6,1,1,Entrepreunariat,Occasionnel,2
3,3,2,3,2,1132,3,Non,15%,39,M,6782,Célibataire,Consulting,Consultant,9,5,0,0,2,9,3,Infra & Cloud,Aucun,0
1,3,4,1,3,1133,4,Non,20%,36,M,7779,Célibataire,Consulting,Tech Lead,2,11,0,0,0,18,4,Infra & Cloud,Aucun,0
3,4,4,1,3,1135,3,Non,12%,31,M,2791,Marié(e),Commercial,Représentant Commercial,0,2,0,1,4,20,3,Infra & Cloud,Frequent,2
1,2,2,1,1,1136,3,Non,17%,28,M,3201,Marié(e),Consulting,Assistant de Direction,0,5,0,0,2,2,1,Infra & Cloud,Occasionnel,0
4,3,4,4,3,1137,3,Non,11%,35,M,4968,Divorcé(e),Commercial,Cadre Commercial,1,5,0,1,3,11,2,Marketing,Frequent,0
4,2,2,2,3,1138,3,Non,17%,49,M,13120,Marié(e),Commercial,Cadre Commercial,6,9,0,1,3,8,4,Entrepreunariat,Occasionnel,2
4,3,3,4,2,1140,3,Non,11%,34,M,4033,Célibataire,Consulting,Tech Lead,2,3,0,0,3,2,2,Infra & Cloud,Frequent,0
4,3,2,4,2,1143,3,Non,14%,29,F,3291,Divorcé(e),Consulting,Assistant de Direction,0,7,0,2,2,10,3,Infra & Cloud,Frequent,1
2,1,4,1,3,1148,3,Non,19%,42,M,4272,Célibataire,Consulting,Consultant,4,1,0,0,3,29,3,Transformation Digitale,Occasionnel,0
2,2,4,3,2,1150,3,Oui,15%,29,M,5056,Marié(e),Consulting,Tech Lead,1,10,0,1,2,8,1,Transformation Digitale,Occasionnel,1
3,4,3,4,4,1152,3,Non,13%,38,M,2844,Marié(e),Ressources Humaines,Ressources Humaines,1,7,0,1,2,1,3,Ressources Humaines,Occasionnel,5
3,2,3,4,3,1154,3,Oui,14%,28,M,2703,Divorcé(e),Consulting,Assistant de Direction,1,3,0,1,2,6,3,Infra & Cloud,Frequent,0
3,3,3,4,3,1156,3,Non,12%,18,M,1904,Célibataire,Consulting,Consultant,1,0,1,0,0,8,1,Transformation Digitale,Aucun,0
1,3,1,1,3,1157,3,Oui,17%,33,F,8224,Célibataire,Commercial,Cadre Commercial,0,5,1,0,3,9,4,Marketing,Occasionnel,0
2,3,4,1,3,1158,3,Oui,11%,41,M,4766,Marié(e),Consulting,Consultant,3,1,0,1,4,12,4,Infra & Cloud,Occasionnel,0
3,3,3,3,2,1160,3,Non,12%,31,M,2610,Marié(e),Consulting,Consultant,1,2,1,1,5,15,3,Transformation Digitale,Frequent,2
3,2,4,3,3,1161,3,Non,13%,37,F,5731,Divorcé(e),Consulting,Manager,7,6,0,2,2,25,2,Transformation Digitale,Occasionnel,1
4,2,3,3,3,1162,3,Non,13%,27,M,2539,Marié(e),Consulting,Assistant de Direction,1,4,0,1,0,6,3,Infra & Cloud,Occasionnel,2
2,3,3,1,2,1163,4,Non,20%,34,F,5714,Marié(e),Commercial,Cadre Commercial,1,6,0,0,3,9,1,Infra & Cloud,Occasionnel,1
3,3,3,2,1,1164,3,Non,17%,35,M,4323,Célibataire,Ressources Humaines,Ressources Humaines,1,5,0,0,2,8,4,Entrepreunariat,Occasionnel,1
4,2,1,1,1,1165,3,Non,13%,29,F,7336,Marié(e),Commercial,Cadre Commercial,1,11,1,1,3,23,1,Infra & Cloud,Occasionnel,3
2,3,3,3,2,1166,3,Non,17%,40,F,13499,Célibataire,Consulting,Directeur Technique,9,18,0,0,3,9,4,Transformation Digitale,Frequent,2
3,3,1,2,2,1167,3,Oui,12%,42,M,13758,Célibataire,Commercial,Cadre Commercial,0,21,1,0,2,12,3,Infra & Cloud,Frequent,13
2,3,1,4,4,1171,3,Non,13%,42,M,5155,Célibataire,Commercial,Cadre Commercial,7,6,0,0,3,4,4,Marketing,Occasionnel,1
4,2,3,2,3,1172,3,Non,12%,35,M,2258,Marié(e),Consulting,Consultant,6,8,0,1,2,1,4,Transformation Digitale,Occasionnel,1
4,3,2,4,3,1173,4,Non,22%,24,M,3597,Célibataire,Consulting,Consultant,8,4,0,0,2,24,3,Transformation Digitale,Occasionnel,1
3,3,4,4,2,1175,3,Oui,11%,28,F,2515,Marié(e),Consulting,Consultant,1,1,1,0,4,12,1,Infra & Cloud,Occasionnel,0
1,4,4,2,3,1177,4,Non,22%,26,M,4420,Marié(e),Consulting,Consultant,1,8,0,1,2,3,4,Transformation Digitale,Occasionnel,0
3,2,3,1,3,1179,3,Non,18%,30,M,6578,Marié(e),Commercial,Cadre Commercial,1,10,0,1,3,10,3,Marketing,Occasionnel,1
3,2,4,4,1,1180,3,Oui,13%,40,F,4422,Marié(e),Consulting,Assistant de Direction,3,1,0,1,3,26,2,Transformation Digitale,Frequent,0
3,2,2,2,4,1182,3,Non,18%,35,M,10274,Divorcé(e),Consulting,Tech Lead,2,7,0,1,2,2,3,Infra & Cloud,Occasionnel,6
4,2,1,3,3,1184,4,Non,20%,34,M,5343,Célibataire,Consulting,Manager,0,13,0,0,3,1,3,Transformation Digitale,Frequent,4
4,2,4,2,4,1185,3,Non,13%,35,M,2376,Marié(e),Consulting,Consultant,1,2,0,1,2,4,4,Autre,Frequent,2
1,1,3,2,2,1188,3,Non,13%,43,F,5346,Célibataire,Commercial,Cadre Commercial,8,4,1,0,2,9,3,Marketing,Occasionnel,1
3,3,1,3,3,1190,3,Non,12%,32,F,2827,Divorcé(e),Commercial,Représentant Commercial,1,1,0,3,3,2,1,Infra & Cloud,Aucun,0
4,3,1,4,3,1191,3,Non,13%,56,F,19943,Divorcé(e),Consulting,Senior Manager,4,5,0,1,2,4,4,Entrepreunariat,Occasionnel,4
2,3,4,1,3,1192,3,Non,13%,29,F,3131,Marié(e),Consulting,Consultant,1,10,0,1,5,6,1,Transformation Digitale,Occasionnel,0
3,3,1,3,3,1193,4,Non,25%,19,M,2552,Célibataire,Consulting,Assistant de Direction,1,1,0,0,4,9,2,Infra & Cloud,Occasionnel,0
1,3,3,3,2,1195,3,Oui,19%,45,F,4477,Marié(e),Consulting,Assistant de Direction,4,3,0,1,2,7,3,Transformation Digitale,Occasionnel,0
4,2,4,2,2,1196,3,Non,13%,37,F,6474,Marié(e),Consulting,Tech Lead,1,14,0,1,2,1,3,Infra & Cloud,Occasionnel,3
1,2,3,1,2,1198,3,Non,12%,20,M,3033,Célibataire,Consulting,Consultant,1,2,0,0,2,3,3,Infra & Cloud,Occasionnel,1
3,3,3,3,3,1200,3,Oui,11%,44,M,2936,Célibataire,Consulting,Assistant de Direction,1,6,1,0,4,10,4,Infra & Cloud,Occasionnel,0
4,3,3,2,3,1201,3,Non,18%,53,F,18606,Divorcé(e),Consulting,Senior Manager,3,7,0,1,6,7,2,Transformation Digitale,Occasionnel,4
2,1,4,1,2,1202,3,Oui,18%,29,F,2168,Marié(e),Consulting,Assistant de Direction,0,5,0,1,2,15,1,Infra & Cloud,Occasionnel,1
3,2,4,2,3,1203,3,Oui,11%,22,M,2853,Marié(e),Consulting,Assistant de Direction,0,0,1,1,5,3,4,Infra & Cloud,Frequent,0
3,3,1,1,3,1204,4,Non,23%,46,F,17048,Marié(e),Commercial,Senior Manager,8,26,0,0,2,2,3,Marketing,Occasionnel,15
4,1,3,4,3,1206,3,Non,13%,44,M,2290,Célibataire,Consulting,Assistant de Direction,2,0,0,0,3,17,3,Infra & Cloud,Aucun,0
2,3,3,4,3,1207,3,Non,13%,33,M,3600,Marié(e),Ressources Humaines,Ressources Humaines,1,5,0,1,2,2,3,Ressources Humaines,Occasionnel,1
1,2,1,1,1,1210,3,Non,17%,41,M,2107,Divorcé(e),Consulting,Assistant de Direction,6,1,1,1,2,5,2,Infra & Cloud,Aucun,0
3,3,1,3,3,1211,3,Non,19%,30,M,4115,Divorcé(e),Commercial,Cadre Commercial,8,4,0,3,3,29,4,Infra & Cloud,Occasionnel,0
2,3,2,4,3,1212,3,Non,12%,40,M,4327,Marié(e),Commercial,Cadre Commercial,5,0,0,3,2,2,4,Transformation Digitale,Frequent,0
4,3,1,3,3,1215,4,Non,22%,50,F,17856,Marié(e),Consulting,Senior Manager,2,2,0,1,3,2,3,Transformation Digitale,Frequent,2
4,2,1,3,3,1216,3,Non,12%,28,M,3196,Marié(e),Consulting,Consultant,1,6,0,3,2,19,4,Transformation Digitale,Occasionnel,3
4,3,2,1,3,1217,3,Non,11%,46,M,19081,Marié(e),Consulting,Directeur Technique,5,4,0,1,2,15,2,Infra & Cloud,Occasionnel,0
3,3,1,4,3,1218,3,Oui,15%,35,M,8966,Marié(e),Commercial,Cadre Commercial,3,7,0,3,2,17,4,Infra & Cloud,Occasionnel,1
4,3,2,1,1,1219,3,Non,13%,24,F,2210,Marié(e),Consulting,Consultant,1,1,1,1,3,17,2,Infra & Cloud,Occasionnel,0
2,3,3,1,2,1220,3,Non,12%,33,F,4539,Marié(e),Commercial,Cadre Commercial,1,10,0,1,3,25,3,Transformation Digitale,Frequent,0
3,1,3,3,3,1221,3,Non,14%,36,M,2741,Divorcé(e),Consulting,Consultant,1,7,0,1,4,6,4,Infra & Cloud,Occasionnel,1
3,3,3,1,2,1224,3,Non,13%,30,M,3491,Divorcé(e),Consulting,Consultant,1,10,0,3,4,7,4,Infra & Cloud,Occasionnel,8
4,3,4,2,3,1225,4,Non,25%,44,M,4541,Célibataire,Consulting,Assistant de Direction,1,20,0,0,3,29,4,Autre,Occasionnel,13
3,4,4,4,3,1226,3,Non,17%,20,M,2678,Célibataire,Commercial,Représentant Commercial,1,2,0,0,2,21,3,Marketing,Occasionnel,2
4,3,4,3,2,1228,3,Non,11%,46,M,7379,Divorcé(e),Consulting,Tech Lead,2,6,0,1,3,2,4,Entrepreunariat,Occasionnel,1
4,4,1,1,4,1231,3,Non,16%,42,M,6272,Marié(e),Ressources Humaines,Ressources Humaines,7,4,0,1,3,2,5,Transformation Digitale,Aucun,0
2,4,4,2,3,1233,3,Oui,18%,60,M,5220,Divorcé(e),Commercial,Cadre Commercial,0,11,0,1,3,7,4,Marketing,Occasionnel,1
3,2,2,3,3,1234,4,Non,20%,32,F,2743,Marié(e),Consulting,Consultant,1,2,0,1,2,13,3,Autre,Frequent,2
4,3,3,4,3,1235,3,Oui,14%,32,F,4998,Célibataire,Consulting,Assistant de Direction,4,8,0,0,2,2,2,Infra & Cloud,Frequent,0
3,1,1,3,3,1237,4,Oui,21%,36,F,10252,Divorcé(e),Consulting,Tech Lead,2,7,0,1,2,1,3,Entrepreunariat,Occasionnel,7
1,3,4,2,3,1238,3,Non,13%,33,M,2781,Marié(e),Consulting,Assistant de Direction,0,14,0,1,5,9,3,Transformation Digitale,Occasionnel,4
2,2,2,2,4,1239,3,Non,12%,40,F,6852,Divorcé(e),Commercial,Cadre Commercial,7,5,0,1,2,10,3,Entrepreunariat,Occasionnel,1
3,3,4,2,3,1240,3,Non,14%,25,M,4950,Célibataire,Commercial,Cadre Commercial,0,4,0,0,4,10,4,Infra & Cloud,Occasionnel,1
4,3,2,1,3,1241,4,Oui,21%,30,M,3579,Marié(e),Consulting,Assistant de Direction,0,11,0,1,2,1,3,Transformation Digitale,Occasionnel,5
1,3,1,3,3,1242,3,Oui,17%,42,F,13191,Marié(e),Consulting,Directeur Technique,3,1,0,0,6,26,5,Transformation Digitale,Frequent,0
3,2,4,2,2,1243,3,Oui,11%,35,F,10377,Marié(e),Commercial,Cadre Commercial,4,13,0,1,6,8,2,Marketing,Aucun,4
1,3,1,4,2,1244,3,Oui,14%,27,M,2235,Marié(e),Consulting,Assistant de Direction,1,9,0,2,3,14,3,Infra & Cloud,Occasionnel,6
4,3,3,1,1,1245,3,Non,17%,54,F,10502,Divorcé(e),Consulting,Tech Lead,7,5,0,1,2,1,4,Infra & Cloud,Frequent,1
1,4,4,4,3,1246,3,Non,13%,44,F,2011,Marié(e),Consulting,Assistant de Direction,1,10,0,1,5,2,1,Infra & Cloud,Occasionnel,7
1,2,2,2,4,1248,4,Oui,25%,19,F,1859,Célibataire,Consulting,Assistant de Direction,1,1,1,0,2,10,3,Transformation Digitale,Aucun,0
1,3,4,1,3,1249,3,Non,15%,29,F,3760,Divorcé(e),Consulting,Assistant de Direction,1,3,0,3,5,1,3,Infra & Cloud,Occasionnel,1
4,3,4,1,3,1250,3,Non,14%,54,M,17779,Marié(e),Consulting,Directeur Technique,3,10,0,0,2,3,3,Infra & Cloud,Occasionnel,0
3,3,1,4,2,1251,3,Oui,12%,31,M,6833,Marié(e),Consulting,Manager,1,6,0,0,2,11,2,Transformation Digitale,Occasionnel,0
3,2,1,2,3,1252,3,Non,19%,31,F,6812,Célibataire,Consulting,Manager,1,10,0,0,2,24,3,Transformation Digitale,Occasionnel,1
3,2,4,4,3,1254,3,Non,17%,59,F,5171,Célibataire,Commercial,Cadre Commercial,5,6,0,0,2,3,3,Infra & Cloud,Occasionnel,0
3,1,4,2,3,1255,3,Non,14%,43,M,19740,Marié(e),Consulting,Directeur Technique,3,8,0,1,2,3,3,Infra & Cloud,Occasionnel,0
1,2,3,3,4,1256,3,Non,13%,49,M,18711,Marié(e),Consulting,Senior Manager,2,1,0,1,2,4,2,Transformation Digitale,Occasionnel,0
3,3,2,3,2,1257,3,Non,12%,36,M,3692,Marié(e),Consulting,Assistant de Direction,1,11,0,0,2,3,3,Entrepreunariat,Frequent,0
4,4,2,3,2,1258,3,Non,11%,48,M,2559,Célibataire,Consulting,Consultant,5,1,0,0,4,2,2,Entrepreunariat,Occasionnel,0
1,3,3,2,3,1259,3,Non,11%,27,M,2517,Divorcé(e),Consulting,Assistant de Direction,1,5,0,3,2,4,2,Infra & Cloud,Occasionnel,0
3,3,4,2,3,1260,3,Oui,11%,29,M,6623,Divorcé(e),Consulting,Manager,1,6,0,2,2,7,3,Infra & Cloud,Occasionnel,1
4,2,4,3,4,1263,3,Non,12%,48,M,18265,Célibataire,Consulting,Directeur Technique,6,1,0,0,3,1,3,Infra & Cloud,Occasionnel,0
4,2,4,2,2,1264,3,Non,14%,29,F,16124,Divorcé(e),Consulting,Directeur Technique,3,7,0,2,2,1,3,Infra & Cloud,Occasionnel,1
3,4,3,4,2,1265,3,Non,17%,34,F,2585,Marié(e),Consulting,Assistant de Direction,0,1,0,0,5,20,3,Entrepreunariat,Occasionnel,0
2,3,2,3,3,1267,3,Non,11%,44,M,18213,Marié(e),Commercial,Senior Manager,7,22,0,1,5,5,3,Marketing,Occasionnel,3
4,4,3,4,3,1268,3,Oui,14%,33,M,8380,Divorcé(e),Commercial,Cadre Commercial,0,9,0,2,3,10,5,Marketing,Occasionnel,0
2,4,4,4,3,1269,3,Oui,12%,19,F,2994,Célibataire,Consulting,Assistant de Direction,1,1,0,0,2,25,3,Infra & Cloud,Occasionnel,0
4,3,3,4,3,1270,4,Non,22%,23,M,1223,Marié(e),Consulting,Assistant de Direction,1,1,0,1,2,1,2,Infra & Cloud,Occasionnel,0
3,1,4,4,3,1273,3,Oui,14%,25,M,1118,Célibataire,Commercial,Représentant Commercial,1,1,1,0,4,24,1,Infra & Cloud,Frequent,1
3,3,4,2,2,1275,4,Oui,20%,26,M,2875,Célibataire,Consulting,Assistant de Direction,1,8,0,0,2,4,2,Infra & Cloud,Occasionnel,2
1,1,2,1,3,1277,3,Oui,16%,45,F,18824,Célibataire,Commercial,Senior Manager,2,24,1,0,2,2,3,Marketing,Occasionnel,1
4,2,2,4,3,1278,3,Oui,15%,55,M,13577,Divorcé(e),Consulting,Manager,1,33,0,1,3,8,1,Transformation Digitale,Aucun,15
1,2,3,3,1,1279,4,Non,20%,21,F,2625,Célibataire,Consulting,Consultant,1,2,1,0,2,10,2,Infra & Cloud,Frequent,2
4,2,2,3,3,1280,3,Non,14%,46,F,18789,Marié(e),Commercial,Senior Manager,2,11,0,1,2,4,2,Marketing,Occasionnel,0
3,3,1,4,3,1281,3,Oui,12%,34,F,4538,Célibataire,Commercial,Cadre Commercial,0,3,0,0,3,2,3,Marketing,Occasionnel,0
4,3,2,1,2,1282,4,Oui,24%,51,M,19847,Divorcé(e),Commercial,Senior Manager,4,29,0,1,5,9,3,Infra & Cloud,Frequent,11
4,3,4,4,2,1283,3,Non,12%,59,M,10512,Célibataire,Consulting,Tech Lead,6,9,0,0,6,18,4,Transformation Digitale,Occasionnel,5
3,3,2,3,4,1285,3,Non,13%,34,F,4444,Divorcé(e),Consulting,Consultant,4,11,0,2,2,19,3,Transformation Digitale,Frequent,5
4,3,3,3,2,1286,3,Oui,11%,28,M,2154,Célibataire,Consulting,Consultant,0,4,0,0,2,1,4,Transformation Digitale,Frequent,0
3,4,1,4,2,1288,3,Non,14%,44,M,19190,Divorcé(e),Consulting,Senior Manager,1,25,0,2,4,4,2,Infra & Cloud,Occasionnel,14
3,2,2,4,4,1289,3,Non,11%,34,M,4490,Marié(e),Ressources Humaines,Ressources Humaines,4,10,0,2,5,11,3,Infra & Cloud,Frequent,1
3,3,3,4,3,1291,3,Oui,14%,35,M,3506,Marié(e),Consulting,Assistant de Direction,0,3,0,0,3,6,1,Infra & Cloud,Occasionnel,2
2,4,2,4,3,1292,3,Oui,16%,42,F,2372,Marié(e),Consulting,Assistant de Direction,6,1,0,0,2,7,4,Transformation Digitale,Occasionnel,0
4,2,4,4,4,1293,3,Non,14%,43,F,10231,Célibataire,Commercial,Cadre Commercial,3,21,0,0,3,4,4,Marketing,Occasionnel,15
3,3,2,4,3,1294,3,Oui,11%,36,F,5410,Célibataire,Consulting,Tech Lead,9,16,0,0,2,2,4,Infra & Cloud,Occasionnel,5
1,3,4,4,3,1295,3,Non,11%,44,F,7978,Marié(e),Consulting,Manager,1,10,1,1,2,15,3,Transformation Digitale,Occasionnel,0
4,2,4,2,3,1296,3,Oui,12%,28,M,3867,Marié(e),Consulting,Consultant,1,2,0,1,2,2,3,Infra & Cloud,Frequent,2
2,2,3,2,2,1297,3,Non,14%,51,F,2838,Célibataire,Consulting,Consultant,0,7,0,0,6,6,2,Transformation Digitale,Frequent,7
3,3,3,3,3,1298,3,Oui,18%,30,F,4695,Célibataire,Consulting,Tech Lead,7,8,0,0,3,9,2,Transformation Digitale,Aucun,1
2,3,3,1,3,1299,3,Oui,13%,29,F,3339,Divorcé(e),Consulting,Consultant,3,7,1,2,2,7,3,Entrepreunariat,Occasionnel,7
4,3,1,2,2,1301,3,Non,11%,28,M,2080,Célibataire,Consulting,Assistant de Direction,2,3,0,0,2,1,3,Entrepreunariat,Occasionnel,1
4,3,2,4,2,1303,3,Non,18%,25,F,2096,Célibataire,Consulting,Assistant de Direction,1,2,0,0,3,1,3,Transformation Digitale,Occasionnel,2
3,4,4,3,4,1304,3,Non,15%,32,M,6209,Marié(e),Commercial,Cadre Commercial,1,10,0,2,4,8,3,Transformation Digitale,Occasionnel,0
2,3,2,3,3,1306,4,Non,22%,45,F,18061,Célibataire,Consulting,Senior Manager,3,0,0,0,4,25,3,Transformation Digitale,Frequent,0
3,2,2,4,3,1307,3,Oui,13%,39,F,17123,Divorcé(e),Consulting,Senior Manager,6,19,0,2,4,13,4,Transformation Digitale,Occasionnel,15
1,3,3,4,3,1308,3,Non,12%,58,M,2372,Divorcé(e),Consulting,Assistant de Direction,1,2,0,2,3,23,4,Infra & Cloud,Occasionnel,2
4,3,3,1,3,1309,3,Non,18%,32,M,4883,Marié(e),Consulting,Consultant,1,10,1,1,3,7,2,Infra & Cloud,Occasionnel,1
3,3,1,1,3,1310,3,Non,13%,39,M,3904,Célibataire,Consulting,Assistant de Direction,0,5,1,0,2,23,3,Transformation Digitale,Occasionnel,0
1,2,4,1,3,1311,3,Non,12%,30,F,4627,Marié(e),Consulting,Consultant,0,9,0,1,6,6,3,Entrepreunariat,Occasionnel,6
4,3,3,1,3,1312,3,Non,12%,36,F,7094,Marié(e),Consulting,Manager,3,7,0,0,0,10,4,Entrepreunariat,Occasionnel,1
4,3,1,3,4,1314,3,Non,12%,46,F,3423,Célibataire,Ressources Humaines,Ressources Humaines,6,7,0,0,3,1,2,Infra & Cloud,Occasionnel,5
3,1,4,1,3,1315,3,Non,11%,28,F,6674,Marié(e),Consulting,Consultant,0,9,0,3,6,1,3,Infra & Cloud,Aucun,7
4,3,1,2,3,1317,3,Oui,11%,50,F,16880,Marié(e),Consulting,Directeur Technique,4,3,0,0,2,28,3,Infra & Cloud,Occasionnel,1
4,2,2,3,3,1318,3,Oui,12%,40,M,9094,Célibataire,Commercial,Cadre Commercial,2,5,1,0,2,25,4,Marketing,Occasionnel,1
2,3,2,3,2,1319,3,Oui,19%,52,M,8446,Célibataire,Commercial,Cadre Commercial,9,8,1,0,2,5,3,Infra & Cloud,Occasionnel,7
2,3,1,4,3,1321,4,Oui,23%,30,F,11916,Marié(e),Consulting,Senior Manager,1,9,0,2,2,17,4,Transformation Digitale,Occasionnel,0
1,3,3,1,3,1322,3,Non,11%,39,M,4534,Célibataire,Consulting,Tech Lead,0,8,0,0,6,18,2,Infra & Cloud,Occasionnel,1
4,3,3,1,2,1324,3,Oui,19%,31,F,9852,Divorcé(e),Commercial,Cadre Commercial,1,10,0,1,5,2,4,Infra & Cloud,Aucun,9
3,1,2,1,3,1329,3,Non,13%,41,M,6151,Célibataire,Commercial,Cadre Commercial,1,19,0,0,4,10,2,Transformation Digitale,Aucun,11
4,3,2,1,4,1331,3,Oui,11%,31,F,2302,Célibataire,Commercial,Représentant Commercial,1,3,1,0,2,1,3,Infra & Cloud,Frequent,2
1,3,1,3,4,1333,3,Non,12%,44,M,2362,Marié(e),Consulting,Consultant,4,3,1,0,4,3,3,Infra & Cloud,Occasionnel,1
3,3,3,4,2,1334,3,Oui,13%,42,M,17861,Marié(e),Consulting,Senior Manager,0,20,0,0,3,2,1,Infra & Cloud,Aucun,2
4,1,3,4,3,1336,3,Non,14%,55,F,19187,Marié(e),Consulting,Senior Manager,4,19,0,1,5,2,2,Transformation Digitale,Occasionnel,9
4,3,2,1,3,1338,3,Non,14%,56,M,19717,Célibataire,Ressources Humaines,Senior Manager,6,7,0,0,4,8,4,Infra & Cloud,Occasionnel,7
3,3,3,2,3,1340,3,Non,16%,40,M,3544,Divorcé(e),Consulting,Assistant de Direction,9,4,0,1,0,16,2,Infra & Cloud,Aucun,0
4,3,4,4,2,1344,3,Non,11%,34,M,8500,Divorcé(e),Consulting,Manager,0,9,0,1,0,9,3,Infra & Cloud,Occasionnel,1
3,3,4,3,3,1346,3,Non,13%,40,M,4661,Célibataire,Consulting,Assistant de Direction,1,9,0,0,4,2,3,Infra & Cloud,Occasionnel,8
3,3,1,4,3,1349,3,Non,17%,41,F,4103,Divorcé(e),Commercial,Cadre Commercial,0,9,0,1,2,1,3,Marketing,Frequent,1
3,3,3,2,3,1350,3,Oui,11%,35,M,4249,Célibataire,Consulting,Assistant de Direction,1,9,0,0,3,4,4,Infra & Cloud,Frequent,1
3,3,2,2,3,1352,3,Oui,11%,51,M,14026,Divorcé(e),Ressources Humaines,Senior Manager,1,33,0,1,2,5,3,Infra & Cloud,Occasionnel,0
2,3,1,4,3,1355,3,Non,15%,38,F,6893,Divorcé(e),Commercial,Cadre Commercial,3,7,0,1,3,2,2,Infra & Cloud,Occasionnel,1
3,3,1,4,4,1356,3,Non,12%,34,F,6125,Célibataire,Commercial,Cadre Commercial,1,10,0,0,6,15,2,Transformation Digitale,Occasionnel,9
4,3,4,3,2,1358,3,Non,11%,25,M,3669,Marié(e),Consulting,Consultant,3,3,0,3,6,19,1,Transformation Digitale,Occasionnel,1
3,2,1,4,2,1360,3,Oui,14%,58,F,10008,Marié(e),Consulting,Tech Lead,7,10,1,0,0,7,4,Transformation Digitale,Occasionnel,5
2,3,2,3,3,1361,4,Non,22%,40,M,2387,Marié(e),Consulting,Consultant,3,4,0,1,3,1,4,Infra & Cloud,Occasionnel,0
1,4,1,4,2,1362,3,Non,16%,36,F,4639,Marié(e),Commercial,Cadre Commercial,2,15,0,1,2,7,3,Marketing,Frequent,6
4,3,4,3,3,1363,3,Non,11%,48,M,7898,Célibataire,Consulting,Tech Lead,1,10,0,0,2,4,3,Infra & Cloud,Occasionnel,0
3,4,4,2,3,1364,3,Non,14%,27,F,2534,Marié(e),Commercial,Représentant Commercial,8,1,0,1,4,11,3,Transformation Digitale,Occasionnel,0
4,2,2,2,2,1367,3,Non,16%,51,F,13142,Célibataire,Consulting,Tech Lead,3,5,0,0,1,11,2,Entrepreunariat,Occasionnel,0
4,3,4,3,4,1368,3,Non,15%,18,F,1611,Célibataire,Consulting,Consultant,1,0,0,0,5,1,3,Infra & Cloud,Aucun,0
4,2,4,2,3,1369,3,Non,12%,35,F,5363,Marié(e),Consulting,Consultant,0,9,0,1,0,1,3,Transformation Digitale,Occasionnel,0
4,1,4,2,3,1371,4,Non,20%,27,M,5071,Célibataire,Commercial,Cadre Commercial,3,6,0,0,3,2,1,Infra & Cloud,Frequent,0
1,4,3,3,2,1372,3,Oui,17%,55,M,13695,Célibataire,Commercial,Cadre Commercial,6,19,1,0,2,13,4,Marketing,Occasionnel,3
4,3,2,1,3,1373,3,Oui,12%,56,M,13402,Marié(e),Consulting,Tech Lead,4,19,0,1,0,23,3,Infra & Cloud,Occasionnel,15
1,2,3,3,3,1374,4,Non,20%,34,F,2029,Divorcé(e),Consulting,Assistant de Direction,1,5,0,3,2,26,1,Entrepreunariat,Aucun,0
2,4,3,2,3,1375,4,Non,20%,40,F,6377,Divorcé(e),Consulting,Manager,5,12,0,3,0,2,1,Transformation Digitale,Occasionnel,11
2,3,3,1,3,1377,3,Non,13%,34,M,5429,Marié(e),Consulting,Consultant,4,8,0,2,1,29,3,Transformation Digitale,Occasionnel,7
3,2,4,3,4,1379,3,Non,14%,31,F,2785,Célibataire,Commercial,Représentant Commercial,7,1,1,0,3,2,3,Infra & Cloud,Frequent,0
4,3,3,3,2,1380,3,Oui,18%,35,F,4614,Marié(e),Commercial,Cadre Commercial,0,4,1,1,0,18,4,Marketing,Frequent,3
4,4,3,4,3,1382,3,Non,11%,38,M,2610,Divorcé(e),Consulting,Assistant de Direction,1,4,0,3,2,7,3,Infra & Cloud,Frequent,0
3,3,4,4,4,1383,3,Non,11%,34,F,6687,Célibataire,Consulting,Manager,1,14,0,0,2,2,4,Entrepreunariat,Occasionnel,4
3,2,1,3,3,1387,3,Non,11%,28,M,4724,Marié(e),Commercial,Cadre Commercial,1,5,0,1,0,26,3,Infra & Cloud,Occasionnel,0
4,3,3,4,2,1389,3,Oui,15%,31,M,6179,Marié(e),Consulting,Tech Lead,1,10,1,2,3,22,4,Transformation Digitale,Occasionnel,6
1,2,4,4,4,1390,3,Oui,12%,39,M,6120,Marié(e),Commercial,Cadre Commercial,3,5,0,2,2,21,4,Infra & Cloud,Occasionnel,1
2,3,2,2,3,1391,3,Non,11%,51,M,10596,Marié(e),Commercial,Cadre Commercial,2,4,0,0,5,2,3,Marketing,Frequent,3
4,3,4,1,2,1392,3,Oui,14%,41,F,5467,Divorcé(e),Consulting,Assistant de Direction,3,6,0,2,4,22,3,Infra & Cloud,Frequent,3
3,3,3,4,3,1394,3,Oui,15%,37,M,2996,Marié(e),Consulting,Assistant de Direction,7,6,0,0,2,4,1,Infra & Cloud,Occasionnel,1
2,3,4,1,4,1395,3,Non,13%,33,M,9998,Marié(e),Commercial,Cadre Commercial,6,5,0,0,2,5,1,Infra & Cloud,Frequent,1
3,3,2,1,2,1396,3,Oui,13%,32,M,4078,Marié(e),Commercial,Cadre Commercial,0,3,0,3,3,2,1,Marketing,Occasionnel,1
3,3,3,2,3,1397,4,Non,21%,39,M,10920,Marié(e),Consulting,Manager,3,6,0,1,2,25,2,Infra & Cloud,Aucun,0
1,4,3,2,2,1399,3,Non,11%,25,M,6232,Marié(e),Commercial,Cadre Commercial,2,3,0,0,3,18,1,Infra & Cloud,Occasionnel,1
4,4,3,2,2,1401,3,Oui,11%,52,F,13247,Marié(e),Consulting,Tech Lead,2,5,0,1,3,28,2,Transformation Digitale,Frequent,0
1,2,3,1,1,1402,3,Oui,14%,43,F,4081,Célibataire,Consulting,Assistant de Direction,1,20,0,0,3,6,3,Transformation Digitale,Occasionnel,1
4,2,4,4,3,1403,3,Oui,11%,27,F,5769,Marié(e),Commercial,Cadre Commercial,1,6,0,0,3,10,3,Marketing,Occasionnel,4
4,3,3,4,3,1405,3,Oui,13%,27,F,2394,Célibataire,Consulting,Assistant de Direction,1,8,1,0,2,17,4,Infra & Cloud,Occasionnel,7
1,2,4,4,3,1407,3,Non,12%,26,M,3904,Célibataire,Consulting,Assistant de Direction,0,4,0,0,2,2,1,Transformation Digitale,Occasionnel,1
3,3,1,3,3,1408,3,Non,14%,42,F,16799,Marié(e),Ressources Humaines,Senior Manager,0,20,0,1,5,10,3,Ressources Humaines,Occasionnel,0
3,3,1,3,1,1409,3,Non,13%,52,F,2950,Marié(e),Consulting,Consultant,9,5,0,0,2,8,4,Autre,Occasionnel,0
1,3,3,1,3,1411,3,Non,18%,37,F,3629,Célibataire,Consulting,Consultant,4,3,0,0,6,11,3,Transformation Digitale,Occasionnel,0
3,3,4,3,3,1412,3,Non,11%,35,M,9362,Célibataire,Consulting,Tech Lead,2,2,0,0,2,18,2,Infra & Cloud,Frequent,2
1,3,4,2,2,1415,3,Non,11%,25,M,3229,Marié(e),Consulting,Consultant,4,3,0,1,2,1,3,Entrepreunariat,Occasionnel,0
3,4,1,4,3,1417,3,Non,12%,26,M,3578,Célibataire,Consulting,Consultant,0,7,0,0,2,7,3,Autre,Occasionnel,0
2,2,1,1,2,1419,3,Non,13%,29,M,7988,Célibataire,Ressources Humaines,Ressources Humaines,1,10,0,0,3,17,3,Autre,Occasionnel,0
1,2,1,1,3,1420,4,Non,20%,49,M,4284,Célibataire,Consulting,Consultant,3,4,1,0,2,28,2,Infra & Cloud,Frequent,1
3,3,4,1,3,1421,3,Oui,12%,29,F,7553,Célibataire,Consulting,Manager,0,8,1,0,1,14,1,Autre,Frequent,7
4,3,4,4,2,1422,3,Non,19%,54,F,17328,Célibataire,Consulting,Directeur Technique,6,20,0,0,3,1,3,Transformation Digitale,Occasionnel,12
4,3,1,3,3,1423,4,Oui,21%,58,F,19701,Marié(e),Consulting,Directeur Technique,3,9,0,1,3,1,3,Transformation Digitale,Occasionnel,1
2,4,4,4,4,1424,3,Non,13%,55,M,14732,Divorcé(e),Consulting,Directeur Technique,2,7,0,2,4,1,4,Transformation Digitale,Occasionnel,0
1,3,2,4,3,1425,3,Oui,16%,36,F,9278,Célibataire,Commercial,Cadre Commercial,3,5,0,0,3,3,4,Marketing,Occasionnel,0
2,1,3,2,3,1427,3,Non,12%,31,F,1359,Célibataire,Commercial,Représentant Commercial,1,1,1,0,3,1,4,Infra & Cloud,Frequent,0
4,3,1,2,3,1428,3,Non,14%,30,F,4779,Divorcé(e),Commercial,Cadre Commercial,7,3,0,2,3,7,4,Marketing,Occasionnel,0
1,3,2,3,4,1430,3,Non,11%,31,F,16422,Célibataire,Consulting,Directeur Technique,3,3,0,0,3,8,5,Infra & Cloud,Occasionnel,1
4,3,1,3,3,1431,3,Non,14%,34,M,2996,Divorcé(e),Consulting,Assistant de Direction,5,4,0,2,2,1,4,Autre,Frequent,1
1,2,2,3,4,1433,3,Non,12%,31,F,1261,Célibataire,Consulting,Assistant de Direction,1,1,1,0,3,8,3,Infra & Cloud,Occasionnel,0
2,3,1,2,4,1434,3,Non,14%,27,M,2099,Marié(e),Consulting,Consultant,0,5,0,0,3,11,1,Infra & Cloud,Occasionnel,1
1,2,4,3,2,1435,3,Non,16%,36,M,5810,Célibataire,Consulting,Consultant,1,10,0,0,2,4,4,Infra & Cloud,Occasionnel,1
3,2,1,1,2,1436,3,Non,13%,36,F,5647,Marié(e),Commercial,Cadre Commercial,4,3,0,2,3,16,4,Marketing,Occasionnel,0
1,3,4,3,2,1438,3,Non,12%,47,M,3420,Marié(e),Consulting,Assistant de Direction,7,6,0,1,2,1,3,Entrepreunariat,Occasionnel,1
1,2,1,1,3,1439,3,Non,12%,25,M,4400,Marié(e),Commercial,Représentant Commercial,3,3,1,0,2,9,2,Infra & Cloud,Occasionnel,2
3,4,3,1,1,1440,3,Non,14%,37,M,3500,Célibataire,Consulting,Consultant,0,6,0,0,2,5,2,Entrepreunariat,Aucun,1
1,3,1,4,4,1441,4,Non,22%,56,F,2066,Marié(e),Consulting,Assistant de Direction,2,3,0,1,3,1,2,Infra & Cloud,Occasionnel,1
1,3,3,2,4,1443,3,Non,19%,47,F,17169,Marié(e),Consulting,Directeur Technique,3,20,0,2,2,2,4,Transformation Digitale,Occasionnel,5
4,3,3,3,3,1445,3,Oui,12%,24,F,4162,Marié(e),Commercial,Cadre Commercial,1,5,0,2,3,4,1,Transformation Digitale,Occasionnel,0
4,3,4,3,2,1446,3,Non,12%,32,M,9204,Marié(e),Commercial,Cadre Commercial,4,4,0,1,3,7,5,Marketing,Occasionnel,0
4,2,2,1,2,1447,3,Non,17%,34,F,3294,Marié(e),Consulting,Consultant,5,5,0,1,2,1,3,Infra & Cloud,Occasionnel,0
2,4,3,1,2,1448,3,Oui,12%,41,M,2127,Marié(e),Consulting,Assistant de Direction,2,4,0,0,5,5,5,Transformation Digitale,Occasionnel,0
3,3,3,3,4,1449,3,Non,11%,40,M,3975,Divorcé(e),Consulting,Consultant,3,8,0,2,2,9,4,Autre,Aucun,0
1,3,4,1,3,1453,3,Non,18%,31,M,10793,Divorcé(e),Commercial,Cadre Commercial,1,13,0,1,5,8,2,Infra & Cloud,Occasionnel,9
1,3,4,1,4,1457,3,Non,11%,46,M,10096,Divorcé(e),Commercial,Cadre Commercial,4,7,1,1,1,9,3,Marketing,Occasionnel,4
1,2,1,2,4,1458,4,Oui,23%,39,F,3646,Célibataire,Consulting,Consultant,2,1,1,0,2,2,3,Infra & Cloud,Aucun,0
3,4,2,1,3,1459,3,Non,11%,31,F,7446,Célibataire,Consulting,Tech Lead,1,10,1,0,2,1,5,Infra & Cloud,Frequent,4
2,1,1,2,3,1460,3,Oui,18%,45,M,10851,Divorcé(e),Consulting,Manager,2,7,0,1,2,20,3,Transformation Digitale,Occasionnel,0
4,4,2,4,3,1461,3,Non,18%,31,F,2109,Célibataire,Ressources Humaines,Ressources Humaines,9,3,0,0,3,8,2,Transformation Digitale,Occasionnel,0
2,3,4,3,1,1464,3,Oui,13%,31,M,3722,Marié(e),Consulting,Consultant,6,2,1,1,2,2,3,Infra & Cloud,Frequent,2
2,3,4,4,4,1465,3,Oui,18%,45,M,9380,Marié(e),Consulting,Tech Lead,4,3,0,2,4,29,3,Entrepreunariat,Occasionnel,1
3,3,1,1,3,1466,3,Non,11%,48,M,5486,Divorcé(e),Commercial,Cadre Commercial,4,2,0,3,3,7,3,Marketing,Occasionnel,2
1,3,3,4,3,1467,3,Non,15%,34,F,2742,Marié(e),Ressources Humaines,Ressources Humaines,1,2,1,0,0,9,4,Entrepreunariat,Occasionnel,2
4,2,2,3,3,1468,3,Non,11%,40,M,13757,Divorcé(e),Consulting,Directeur Technique,2,9,0,1,5,8,1,Transformation Digitale,Aucun,4
4,3,1,4,3,1469,3,Non,18%,28,M,8463,Célibataire,Commercial,Cadre Commercial,0,5,0,0,4,5,3,Transformation Digitale,Occasionnel,1
3,2,3,4,3,1471,3,Non,14%,44,M,3162,Célibataire,Consulting,Consultant,3,5,0,0,5,5,3,Infra & Cloud,Aucun,0
4,4,2,2,2,1472,3,Non,12%,53,M,16598,Célibataire,Consulting,Directeur Technique,4,9,0,0,2,2,3,Transformation Digitale,Occasionnel,8
1,3,3,2,2,1473,3,Non,14%,49,M,6651,Marié(e),Consulting,Manager,2,3,0,1,0,5,4,Entrepreunariat,Occasionnel,1
3,3,3,3,4,1474,3,Non,14%,40,M,2345,Divorcé(e),Consulting,Assistant de Direction,2,3,0,1,3,2,3,Transformation Digitale,Occasionnel,1
4,3,2,3,2,1475,3,Non,13%,44,M,3420,Célibataire,Consulting,Assistant de Direction,1,5,0,0,3,20,3,Infra & Cloud,Occasionnel,1
4,3,1,1,3,1477,3,Non,14%,33,M,4373,Marié(e),Commercial,Cadre Commercial,0,4,0,2,2,7,3,Transformation Digitale,Frequent,0
4,1,1,4,3,1478,3,Non,18%,34,M,4759,Célibataire,Commercial,Cadre Commercial,3,13,0,0,2,3,3,Autre,Occasionnel,3
4,3,3,3,2,1479,3,Non,15%,30,M,5301,Marié(e),Commercial,Cadre Commercial,8,2,0,2,2,16,1,Infra & Cloud,Occasionnel,2
1,3,4,3,3,1480,3,Non,13%,42,F,3673,Célibataire,Consulting,Consultant,1,12,0,0,3,9,2,Transformation Digitale,Frequent,5
1,3,3,3,2,1481,3,Non,12%,44,F,4768,Marié(e),Commercial,Cadre Commercial,7,1,0,1,4,1,5,Marketing,Frequent,0
3,3,3,2,2,1482,3,Non,13%,30,M,1274,Divorcé(e),Consulting,Assistant de Direction,1,1,0,2,2,7,3,Entrepreunariat,Aucun,0
2,4,3,1,2,1483,4,Non,24%,57,M,4900,Marié(e),Consulting,Assistant de Direction,0,12,0,1,2,1,2,Infra & Cloud,Occasionnel,2
3,3,2,2,3,1484,3,Non,14%,49,M,10466,Divorcé(e),Consulting,Manager,3,8,0,2,3,7,4,Infra & Cloud,Occasionnel,0
2,3,1,4,2,1485,3,Non,14%,34,M,17007,Divorcé(e),Consulting,Directeur Technique,7,14,0,2,3,15,3,Transformation Digitale,Frequent,6
1,3,3,4,4,1486,3,Non,15%,28,M,2909,Marié(e),Commercial,Représentant Commercial,3,3,1,1,3,1,3,Entrepreunariat,Frequent,1
1,3,2,1,1,1487,3,Non,11%,29,F,5765,Célibataire,Commercial,Cadre Commercial,5,5,1,0,4,13,3,Entrepreunariat,Frequent,0
1,2,2,3,4,1489,4,Oui,23%,34,F,4599,Célibataire,Commercial,Cadre Commercial,0,15,1,0,2,24,4,Transformation Digitale,Occasionnel,10
4,3,3,1,3,1492,3,Non,13%,35,M,2404,Marié(e),Commercial,Représentant Commercial,1,1,0,1,3,7,1,Infra & Cloud,Occasionnel,0
2,3,1,3,2,1494,3,Oui,11%,24,M,3172,Célibataire,Consulting,Consultant,2,0,1,0,2,9,3,Transformation Digitale,Frequent,0
4,3,2,3,3,1495,3,Non,13%,24,F,2033,Marié(e),Commercial,Représentant Commercial,1,1,0,1,2,13,2,Infra & Cloud,Aucun,0
2,3,3,2,2,1496,3,Oui,18%,44,M,10209,Célibataire,Consulting,Tech Lead,5,2,0,0,2,2,1,Transformation Digitale,Frequent,2
3,2,3,3,3,1497,3,Non,14%,29,M,8620,Divorcé(e),Commercial,Cadre Commercial,1,10,0,2,3,19,3,Infra & Cloud,Occasionnel,0
3,3,3,1,4,1499,4,Non,21%,30,M,2064,Divorcé(e),Ressources Humaines,Ressources Humaines,0,5,0,1,3,1,3,Infra & Cloud,Occasionnel,1
4,3,3,2,3,1501,3,Oui,16%,55,M,4035,Marié(e),Consulting,Manager,0,3,0,0,2,4,4,Infra & Cloud,Occasionnel,1
1,2,2,4,3,1502,3,Non,11%,33,F,3838,Marié(e),Consulting,Consultant,8,5,0,0,5,4,4,Transformation Digitale,Occasionnel,0
3,3,3,3,2,1503,3,Oui,17%,47,F,4591,Marié(e),Commercial,Cadre Commercial,3,5,0,1,4,14,3,Transformation Digitale,Occasionnel,1
3,2,1,3,2,1504,3,Non,11%,28,M,2561,Célibataire,Consulting,Consultant,7,0,1,0,2,2,2,Transformation Digitale,Frequent,0
1,2,3,4,1,1506,3,Non,14%,28,M,1563,Divorcé(e),Consulting,Assistant de Direction,1,1,0,1,2,1,3,Infra & Cloud,Occasionnel,0
3,3,1,4,3,1507,3,Non,14%,28,M,4898,Célibataire,Commercial,Cadre Commercial,0,4,0,0,5,7,3,Infra & Cloud,Frequent,1
3,2,1,1,3,1509,4,Non,25%,49,F,4789,Marié(e),Consulting,Consultant,4,3,0,1,3,3,2,Transformation Digitale,Occasionnel,1
4,3,2,3,3,1513,3,Non,13%,29,F,3180,Marié(e),Consulting,Consultant,0,3,0,3,3,2,1,Infra & Cloud,Frequent,0
3,1,2,2,2,1514,3,Non,14%,28,M,6549,Marié(e),Consulting,Tech Lead,1,8,0,2,2,29,1,Infra & Cloud,Occasionnel,1
4,3,3,1,3,1515,3,Oui,17%,33,M,6388,Célibataire,Consulting,Manager,2,0,0,0,6,8,5,Infra & Cloud,Occasionnel,0
3,3,4,2,4,1516,4,Non,25%,32,M,11244,Célibataire,Consulting,Senior Manager,2,5,0,0,5,10,3,Transformation Digitale,Occasionnel,0
2,3,4,1,3,1520,4,Non,20%,54,F,16032,Divorcé(e),Consulting,Senior Manager,3,14,0,1,2,11,4,Transformation Digitale,Frequent,1
1,2,1,3,1,1522,3,Non,13%,29,M,2362,Célibataire,Consulting,Assistant de Direction,6,9,1,0,2,1,4,Entrepreunariat,Occasionnel,0
4,3,1,3,4,1523,3,Non,13%,44,M,16328,Marié(e),Consulting,Directeur Technique,3,20,0,1,1,28,3,Infra & Cloud,Occasionnel,14
2,3,2,4,3,1525,3,Non,18%,39,F,8376,Célibataire,Consulting,Tech Lead,4,2,0,0,3,6,3,Infra & Cloud,Occasionnel,2
3,3,2,4,4,1527,3,Non,12%,46,F,16606,Marié(e),Commercial,Senior Manager,8,13,0,1,2,3,3,Infra & Cloud,Occasionnel,5
4,2,2,4,1,1529,3,Non,19%,35,F,8606,Célibataire,Consulting,Manager,1,11,0,0,3,16,3,Infra & Cloud,Occasionnel,3
1,3,3,2,3,1533,3,Non,14%,23,M,2272,Célibataire,Consulting,Consultant,0,4,0,0,2,20,1,Infra & Cloud,Occasionnel,1
4,3,1,2,1,1534,3,Non,14%,40,M,2018,Célibataire,Consulting,Consultant,3,5,1,0,3,9,4,Infra & Cloud,Occasionnel,1
4,2,3,4,3,1535,3,Oui,14%,34,M,7083,Marié(e),Commercial,Cadre Commercial,1,10,0,0,3,1,3,Entrepreunariat,Occasionnel,8
4,3,3,1,1,1537,3,Non,12%,31,F,4084,Célibataire,Consulting,Assistant de Direction,1,7,1,0,2,3,3,Infra & Cloud,Frequent,7
3,1,4,4,3,1539,3,Oui,13%,50,M,14411,Célibataire,Consulting,Directeur Technique,1,32,0,0,2,22,5,Transformation Digitale,Frequent,13
2,3,3,2,3,1541,4,Oui,25%,34,M,2308,Marié(e),Commercial,Représentant Commercial,0,11,0,1,4,7,2,Entrepreunariat,Occasionnel,5
3,2,2,2,3,1542,3,Non,14%,42,M,4841,Marié(e),Consulting,Consultant,4,1,0,1,3,2,3,Transformation Digitale,Occasionnel,0
1,3,4,1,3,1543,3,Non,17%,37,M,4285,Marié(e),Consulting,Assistant de Direction,1,10,0,0,2,13,3,Transformation Digitale,Occasionnel,3
3,1,1,3,3,1544,3,Non,13%,29,F,9715,Marié(e),Consulting,Manager,3,7,0,1,3,8,1,Autre,Occasionnel,0
4,2,2,4,3,1545,3,Non,13%,33,M,4320,Célibataire,Consulting,Tech Lead,1,5,0,0,2,25,3,Infra & Cloud,Occasionnel,0
4,3,4,4,3,1546,4,Non,20%,45,M,2132,Marié(e),Consulting,Assistant de Direction,4,5,0,1,3,28,3,Entrepreunariat,Occasionnel,0
4,3,4,3,1,1547,3,Oui,14%,42,M,10124,Marié(e),Consulting,Manager,2,20,0,1,3,2,3,Infra & Cloud,Frequent,13
1,3,1,4,4,1548,3,Non,12%,40,M,5473,Marié(e),Commercial,Cadre Commercial,0,8,0,0,5,9,2,Transformation Digitale,Occasionnel,7
2,3,3,2,3,1549,3,Oui,12%,33,M,5207,Marié(e),Consulting,Consultant,1,15,0,1,3,28,4,Infra & Cloud,Occasionnel,5
3,3,4,4,3,1550,4,Oui,21%,40,M,16437,Célibataire,Ressources Humaines,Senior Manager,1,21,0,0,2,6,2,Transformation Digitale,Occasionnel,7
3,2,1,2,3,1551,3,Non,14%,24,M,2296,Divorcé(e),Consulting,Consultant,0,1,0,3,3,21,2,Entrepreunariat,Occasionnel,0
4,3,4,3,3,1552,3,Oui,18%,40,M,4069,Divorcé(e),Consulting,Manager,3,2,0,0,2,8,2,Infra & Cloud,Aucun,2
1,3,2,1,3,1553,3,Non,12%,45,M,7441,Divorcé(e),Consulting,Manager,1,10,0,3,4,1,4,Entrepreunariat,Occasionnel,7
2,2,3,1,3,1554,4,Non,23%,35,F,2430,Marié(e),Commercial,Représentant Commercial,0,5,0,2,5,28,4,Infra & Cloud,Occasionnel,4
4,2,2,1,3,1555,3,Non,12%,32,F,5878,Marié(e),Consulting,Assistant de Direction,3,7,0,1,2,5,2,Infra & Cloud,Occasionnel,2
3,3,4,4,2,1556,4,Oui,21%,36,M,2644,Célibataire,Commercial,Représentant Commercial,3,3,0,0,3,2,4,Infra & Cloud,Occasionnel,1
3,3,3,3,3,1557,3,Non,14%,48,F,6439,Divorcé(e),Commercial,Cadre Commercial,8,8,0,1,2,16,4,Infra & Cloud,Occasionnel,7
3,4,3,1,2,1558,3,Non,18%,29,M,2451,Marié(e),Consulting,Assistant de Direction,6,1,0,2,2,9,3,Infra & Cloud,Occasionnel,0
1,3,1,4,1,1560,3,Non,13%,33,M,6392,Marié(e),Commercial,Cadre Commercial,2,2,0,1,6,8,4,Infra & Cloud,Occasionnel,2
2,2,1,4,3,1562,3,Non,11%,30,M,9714,Marié(e),Commercial,Cadre Commercial,1,10,1,1,4,1,3,Infra & Cloud,Occasionnel,6
3,3,3,3,3,1563,3,Non,11%,38,M,6077,Marié(e),Ressources Humaines,Ressources Humaines,3,6,0,0,2,10,4,Ressources Humaines,Frequent,1
4,2,1,2,3,1564,3,Non,19%,35,M,2450,Célibataire,Consulting,Consultant,1,3,0,0,3,1,3,Transformation Digitale,Occasionnel,1
3,3,2,2,3,1568,3,Non,12%,30,M,9250,Marié(e),Commercial,Cadre Commercial,3,4,0,1,3,29,4,Entrepreunariat,Occasionnel,1
1,3,1,4,3,1569,3,Oui,12%,35,F,2074,Divorcé(e),Consulting,Consultant,1,1,1,1,2,2,3,Infra & Cloud,Occasionnel,0
3,2,4,2,3,1572,3,Non,16%,53,F,10169,Marié(e),Consulting,Tech Lead,0,33,1,1,4,2,5,Entrepreunariat,Occasionnel,1
3,3,2,1,3,1573,3,Non,11%,38,M,4855,Marié(e),Consulting,Tech Lead,4,5,1,2,2,2,3,Transformation Digitale,Occasionnel,1
4,3,1,2,2,1574,3,Non,14%,32,M,4087,Marié(e),Consulting,Assistant de Direction,4,6,0,1,3,1,4,Entrepreunariat,Aucun,1
3,3,1,4,2,1576,3,Non,12%,48,F,2367,Marié(e),Consulting,Assistant de Direction,8,8,0,1,3,15,4,Autre,Occasionnel,7
1,3,4,3,1,1577,3,Non,13%,34,M,2972,Célibataire,Consulting,Assistant de Direction,1,1,0,0,4,7,4,Transformation Digitale,Occasionnel,0
3,2,4,3,3,1578,4,Non,21%,55,M,19586,Marié(e),Commercial,Senior Manager,1,36,0,1,3,26,5,Marketing,Occasionnel,2
2,3,4,2,2,1580,3,Non,17%,34,M,5484,Marié(e),Consulting,Assistant de Direction,9,2,0,1,3,1,4,Infra & Cloud,Occasionnel,2
1,3,4,1,3,1581,4,Non,21%,26,F,2061,Marié(e),Consulting,Assistant de Direction,1,1,0,0,5,3,3,Infra & Cloud,Occasionnel,0
3,3,2,4,3,1582,3,Non,11%,38,M,9924,Marié(e),Commercial,Cadre Commercial,0,9,0,1,3,14,3,Infra & Cloud,Occasionnel,7
2,3,2,2,4,1583,3,Non,12%,38,F,4198,Célibataire,Commercial,Cadre Commercial,2,3,0,0,5,16,3,Infra & Cloud,Occasionnel,1
2,3,3,1,3,1585,3,Non,13%,36,F,6815,Célibataire,Commercial,Cadre Commercial,6,1,0,0,5,1,4,Infra & Cloud,Occasionnel,0
2,3,1,4,3,1586,3,Oui,18%,29,M,4723,Célibataire,Consulting,Consultant,1,10,0,0,3,3,1,Transformation Digitale,Occasionnel,1
1,3,3,3,3,1587,3,Oui,16%,35,F,6142,Célibataire,Consulting,Manager,3,5,0,0,4,10,4,Transformation Digitale,Occasionnel,0
4,4,3,1,3,1588,3,Non,11%,39,M,8237,Marié(e),Commercial,Cadre Commercial,2,7,0,1,3,6,3,Transformation Digitale,Occasionnel,7
1,3,4,4,4,1590,3,Non,19%,29,M,8853,Divorcé(e),Consulting,Manager,1,6,0,1,0,2,1,Infra & Cloud,Frequent,1
3,3,3,3,3,1591,3,Oui,16%,50,M,19331,Marié(e),Commercial,Senior Manager,4,1,0,1,2,9,3,Marketing,Occasionnel,0
4,4,3,4,3,1592,3,Non,16%,23,M,2073,Marié(e),Consulting,Assistant de Direction,2,2,0,1,2,10,3,Entrepreunariat,Occasionnel,2
1,4,1,4,3,1594,3,Oui,13%,36,M,5562,Marié(e),Consulting,Consultant,3,3,0,1,3,6,4,Infra & Cloud,Frequent,0
4,2,4,4,3,1595,4,Non,22%,42,M,19613,Célibataire,Consulting,Senior Manager,8,1,0,0,2,9,2,Autre,Occasionnel,0
2,4,3,4,2,1596,3,Non,17%,35,M,3407,Marié(e),Consulting,Consultant,1,10,0,2,3,28,3,Infra & Cloud,Occasionnel,6
4,2,3,2,2,1597,3,Non,14%,34,M,5063,Marié(e),Consulting,Manager,1,8,0,1,3,10,4,Entrepreunariat,Frequent,7
4,3,1,3,3,1598,3,Non,15%,40,F,4639,Marié(e),Commercial,Cadre Commercial,1,5,0,1,2,14,2,Infra & Cloud,Occasionnel,1
4,4,2,3,3,1599,3,Non,12%,43,M,4876,Divorcé(e),Consulting,Consultant,5,6,0,1,0,27,3,Entrepreunariat,Occasionnel,0
3,2,4,4,2,1601,3,Non,18%,35,M,2690,Marié(e),Consulting,Consultant,1,1,0,1,5,7,2,Infra & Cloud,Occasionnel,0
4,4,1,2,1,1602,3,Non,15%,46,M,17567,Célibataire,Commercial,Senior Manager,1,26,0,0,5,1,4,Infra & Cloud,Occasionnel,0
3,3,2,3,3,1604,3,Oui,17%,28,M,2408,Marié(e),Consulting,Consultant,1,1,1,3,3,24,3,Transformation Digitale,Occasionnel,0
2,2,3,2,2,1605,3,Oui,14%,22,F,2814,Marié(e),Consulting,Assistant de Direction,1,4,0,0,2,26,2,Autre,Aucun,1
2,3,3,3,3,1606,3,Oui,15%,50,M,11245,Marié(e),Consulting,Manager,2,30,0,1,3,20,5,Transformation Digitale,Frequent,12
2,4,4,4,3,1607,3,Non,17%,32,F,3312,Marié(e),Consulting,Assistant de Direction,3,3,0,2,3,5,4,Autre,Occasionnel,0
2,3,4,4,2,1608,3,Oui,14%,44,F,19049,Divorcé(e),Consulting,Directeur Technique,0,22,0,1,4,7,3,Transformation Digitale,Occasionnel,1
2,2,2,2,2,1609,3,Non,12%,30,M,2141,Marié(e),Consulting,Assistant de Direction,1,6,0,1,3,7,3,Transformation Digitale,Occasionnel,1
3,1,1,1,3,1611,3,Oui,14%,45,F,5769,Célibataire,Consulting,Consultant,1,10,0,0,3,5,5,Transformation Digitale,Occasionnel,1
1,2,1,1,3,1612,3,Non,15%,45,M,4385,Marié(e),Commercial,Cadre Commercial,1,10,0,1,2,26,3,Marketing,Aucun,4
4,3,1,4,3,1613,3,Non,13%,31,M,5332,Célibataire,Commercial,Cadre Commercial,7,5,0,0,3,2,4,Autre,Frequent,0
3,3,3,2,3,1614,3,Oui,12%,36,F,4663,Marié(e),Consulting,Tech Lead,9,3,0,2,2,12,4,Infra & Cloud,Occasionnel,1
3,4,4,1,3,1615,3,Non,13%,34,M,4724,Divorcé(e),Consulting,Tech Lead,1,9,0,1,3,10,4,Infra & Cloud,Frequent,7
3,3,1,4,2,1617,3,Non,14%,49,F,3211,Marié(e),Consulting,Consultant,1,9,0,1,3,25,4,Infra & Cloud,Occasionnel,1
2,3,1,4,3,1618,3,Non,13%,39,M,5377,Marié(e),Consulting,Tech Lead,2,7,0,3,3,10,5,Transformation Digitale,Occasionnel,7
4,2,1,1,3,1619,3,Non,11%,27,M,4066,Divorcé(e),Consulting,Consultant,1,7,0,2,3,19,3,Autre,Occasionnel,0
2,4,1,4,3,1621,3,Non,11%,35,M,5208,Marié(e),Consulting,Assistant de Direction,1,16,0,0,2,18,5,Infra & Cloud,Occasionnel,1
2,1,1,2,2,1622,4,Non,21%,28,F,4877,Divorcé(e),Consulting,Tech Lead,0,5,0,1,5,27,3,Transformation Digitale,Occasionnel,0
3,3,4,3,3,1623,3,Non,18%,21,M,3117,Célibataire,Consulting,Assistant de Direction,1,2,0,0,2,5,1,Transformation Digitale,Occasionnel,2
2,3,4,3,4,1624,3,Oui,12%,18,F,1569,Célibataire,Commercial,Représentant Commercial,1,0,1,0,2,3,2,Transformation Digitale,Frequent,0
4,3,3,3,3,1625,3,Non,11%,47,F,19658,Marié(e),Ressources Humaines,Senior Manager,3,5,0,1,2,26,4,Infra & Cloud,Occasionnel,1
3,2,3,4,3,1627,3,Non,15%,39,M,3069,Divorcé(e),Consulting,Consultant,0,10,0,1,3,3,2,Transformation Digitale,Occasionnel,0
1,2,3,4,3,1628,3,Non,13%,40,F,10435,Marié(e),Consulting,Tech Lead,1,18,0,2,2,15,3,Infra & Cloud,Occasionnel,14
3,3,3,4,3,1630,3,Non,12%,35,F,4148,Marié(e),Consulting,Manager,1,14,0,1,5,8,4,Infra & Cloud,Aucun,2
3,3,3,1,2,1631,3,Non,17%,37,M,5768,Marié(e),Consulting,Tech Lead,3,4,0,3,2,19,3,Infra & Cloud,Occasionnel,0
1,3,3,4,1,1633,3,Non,13%,39,F,5042,Célibataire,Consulting,Tech Lead,0,9,0,0,2,4,3,Transformation Digitale,Frequent,3
4,2,4,1,3,1635,3,Non,19%,45,F,5770,Divorcé(e),Consulting,Tech Lead,1,10,0,2,3,2,2,Autre,Occasionnel,3
4,2,3,4,4,1638,3,Oui,19%,38,F,7756,Marié(e),Consulting,Tech Lead,3,5,0,1,6,2,2,Transformation Digitale,Occasionnel,0
4,2,1,3,3,1639,3,Non,17%,35,M,10306,Marié(e),Commercial,Cadre Commercial,9,13,1,0,3,10,3,Transformation Digitale,Occasionnel,6
2,3,2,1,1,1640,3,Non,11%,37,F,3936,Marié(e),Consulting,Assistant de Direction,1,8,0,1,2,10,3,Transformation Digitale,Occasionnel,7
3,3,4,4,2,1641,3,Oui,15%,40,F,7945,Célibataire,Consulting,Tech Lead,6,4,0,0,2,16,3,Infra & Cloud,Occasionnel,3
1,3,4,3,3,1642,3,Oui,11%,44,M,5743,Marié(e),Ressources Humaines,Ressources Humaines,4,10,0,0,3,1,5,Ressources Humaines,Frequent,0
3,2,4,2,3,1644,4,Non,25%,48,M,15202,Marié(e),Consulting,Senior Manager,2,2,0,1,3,4,5,Transformation Digitale,Frequent,2
1,1,4,4,2,1645,3,Oui,14%,35,M,5440,Divorcé(e),Commercial,Cadre Commercial,6,2,1,2,2,15,2,Transformation Digitale,Occasionnel,2
1,3,4,3,3,1646,3,Oui,13%,24,F,3760,Célibataire,Consulting,Assistant de Direction,1,6,0,0,2,2,1,Entrepreunariat,Frequent,1
2,4,3,1,3,1647,3,Non,17%,27,F,3517,Marié(e),Consulting,Assistant de Direction,7,3,0,0,0,8,3,Transformation Digitale,Occasionnel,0
4,3,4,3,2,1648,3,Non,13%,27,M,2580,Célibataire,Consulting,Assistant de Direction,2,4,0,0,0,2,3,Transformation Digitale,Frequent,1
1,3,1,2,1,1649,3,Oui,14%,40,M,2166,Célibataire,Consulting,Consultant,3,4,1,0,3,7,3,Infra & Cloud,Occasionnel,0
3,2,3,3,3,1650,3,Non,11%,29,M,5869,Célibataire,Commercial,Cadre Commercial,9,5,0,0,2,10,3,Transformation Digitale,Occasionnel,1
2,3,1,3,3,1651,3,Non,12%,36,F,8008,Marié(e),Consulting,Manager,4,3,0,2,6,5,4,Infra & Cloud,Occasionnel,0
4,4,3,3,3,1653,3,Non,17%,25,M,5206,Divorcé(e),Consulting,Tech Lead,1,7,0,2,6,2,1,Infra & Cloud,Frequent,0
4,3,2,3,3,1654,4,Non,21%,39,M,5295,Marié(e),Consulting,Tech Lead,4,5,0,0,3,12,3,Transformation Digitale,Occasionnel,1
1,3,2,2,3,1655,3,Non,16%,49,F,16413,Marié(e),Consulting,Directeur Technique,3,4,0,2,2,22,4,Autre,Occasionnel,1
4,2,1,3,3,1656,3,Non,15%,50,F,13269,Divorcé(e),Consulting,Directeur Technique,5,14,0,3,3,17,5,Infra & Cloud,Occasionnel,1
3,3,3,1,3,1657,3,Non,19%,20,F,2783,Célibataire,Commercial,Représentant Commercial,1,2,0,0,3,2,3,Transformation Digitale,Occasionnel,2
4,3,2,3,3,1658,3,Non,12%,34,F,5433,Divorcé(e),Consulting,Assistant de Direction,1,11,0,1,2,3,3,Infra & Cloud,Occasionnel,7
1,3,2,3,3,1659,3,Non,11%,36,M,2013,Célibataire,Consulting,Consultant,2,4,0,0,4,7,3,Infra & Cloud,Occasionnel,1
3,2,3,2,3,1661,3,Oui,19%,49,F,13966,Marié(e),Consulting,Manager,2,15,0,1,3,6,1,Infra & Cloud,Occasionnel,2
4,2,3,3,3,1662,3,Non,15%,36,F,4374,Marié(e),Consulting,Tech Lead,0,3,0,0,6,1,4,Transformation Digitale,Aucun,1
4,4,1,1,3,1664,4,Non,20%,36,M,6842,Divorcé(e),Consulting,Manager,6,5,0,1,3,3,2,Infra & Cloud,Occasionnel,0
2,3,3,3,3,1665,4,Non,25%,54,F,17426,Marié(e),Consulting,Senior Manager,3,10,0,1,6,22,5,Transformation Digitale,Occasionnel,4
3,2,3,1,3,1666,4,Non,24%,43,M,17603,Marié(e),Consulting,Directeur Technique,1,14,0,1,3,15,2,Infra & Cloud,Occasionnel,6
4,3,4,1,4,1667,4,Oui,24%,35,M,4581,Célibataire,Commercial,Cadre Commercial,3,11,1,0,2,12,4,Autre,Frequent,6
4,3,4,4,4,1668,3,Non,15%,38,M,4735,Marié(e),Consulting,Assistant de Direction,7,13,0,2,4,1,3,Infra & Cloud,Frequent,2
1,2,2,2,2,1669,3,Oui,13%,29,M,4187,Divorcé(e),Commercial,Cadre Commercial,1,10,0,1,3,5,3,Transformation Digitale,Occasionnel,0
4,3,4,3,3,1670,3,Non,14%,33,M,5505,Divorcé(e),Commercial,Cadre Commercial,1,6,0,2,5,2,4,Transformation Digitale,Occasionnel,0
4,3,2,3,2,1671,3,Non,13%,32,M,5470,Divorcé(e),Consulting,Assistant de Direction,0,9,0,2,4,2,3,Transformation Digitale,Occasionnel,1
1,3,4,1,3,1673,3,Non,11%,31,F,5476,Marié(e),Commercial,Cadre Commercial,1,10,0,2,2,5,4,Infra & Cloud,Occasionnel,0
4,3,1,2,2,1674,3,Oui,16%,49,F,2587,Divorcé(e),Consulting,Consultant,4,2,0,1,2,16,3,Transformation Digitale,Occasionnel,2
4,2,2,2,3,1675,4,Non,22%,38,F,2440,Célibataire,Consulting,Consultant,1,4,0,0,3,2,3,Transformation Digitale,Frequent,3
2,4,2,3,3,1676,3,Non,14%,47,F,15972,Divorcé(e),Commercial,Senior Manager,6,3,0,3,2,2,4,Infra & Cloud,Occasionnel,1
3,3,3,1,3,1677,3,Non,14%,49,M,15379,Célibataire,Consulting,Senior Manager,4,8,0,0,2,1,3,Infra & Cloud,Occasionnel,0
4,3,3,4,3,1678,3,Oui,16%,41,M,7082,Célibataire,Commercial,Cadre Commercial,3,2,0,0,2,23,2,Infra & Cloud,Occasionnel,0
4,3,1,1,3,1680,3,Non,11%,20,M,2728,Célibataire,Commercial,Représentant Commercial,1,2,0,0,3,9,1,Infra & Cloud,Occasionnel,0
3,3,4,3,3,1681,4,Oui,25%,33,F,5368,Divorcé(e),Commercial,Cadre Commercial,1,6,0,1,2,16,3,Infra & Cloud,Aucun,1
1,3,3,2,2,1682,3,Non,14%,36,M,5347,Marié(e),Consulting,Manager,6,3,0,2,2,26,4,Infra & Cloud,Occasionnel,0
3,3,4,1,3,1683,3,Oui,18%,44,F,3195,Divorcé(e),Ressources Humaines,Ressources Humaines,4,2,0,3,2,1,3,Infra & Cloud,Occasionnel,2
4,2,3,1,3,1684,3,Oui,11%,23,M,3989,Célibataire,Consulting,Consultant,1,5,1,0,2,8,1,Transformation Digitale,Occasionnel,1
4,3,3,4,2,1687,3,Non,19%,38,F,3306,Marié(e),Consulting,Consultant,7,0,0,1,5,4,2,Transformation Digitale,Occasionnel,0
2,4,4,3,3,1689,3,Non,15%,53,M,7005,Marié(e),Consulting,Manager,3,4,0,0,2,24,4,Transformation Digitale,Occasionnel,1
4,3,3,3,3,1691,3,Oui,11%,48,F,2655,Marié(e),Commercial,Représentant Commercial,2,9,1,2,3,7,2,Transformation Digitale,Frequent,7
4,3,2,1,3,1692,3,Non,12%,32,M,1393,Célibataire,Consulting,Consultant,1,1,1,0,2,2,4,Infra & Cloud,Occasionnel,0
4,3,4,3,3,1693,4,Non,20%,26,M,2570,Célibataire,Consulting,Consultant,1,7,0,0,5,7,3,Transformation Digitale,Aucun,5
1,2,2,4,3,1694,3,Non,12%,55,M,3537,Divorcé(e),Consulting,Assistant de Direction,5,4,0,1,1,22,3,Entrepreunariat,Occasionnel,1
2,2,4,3,4,1696,3,Non,14%,34,M,3986,Marié(e),Consulting,Consultant,1,15,0,1,3,5,2,Transformation Digitale,Occasionnel,4
3,1,4,3,4,1697,4,Non,20%,60,M,10883,Divorcé(e),Consulting,Manager,3,1,0,1,2,1,4,Transformation Digitale,Occasionnel,0
2,4,2,4,3,1698,3,Non,18%,33,M,2028,Marié(e),Consulting,Consultant,1,14,0,3,6,21,3,Transformation Digitale,Occasionnel,2
3,1,4,3,2,1700,3,Non,14%,37,M,9525,Divorcé(e),Commercial,Cadre Commercial,1,6,0,2,2,1,4,Transformation Digitale,Frequent,1
2,2,4,2,3,1701,3,Non,12%,34,F,2929,Marié(e),Consulting,Assistant de Direction,1,10,0,0,3,19,3,Infra & Cloud,Occasionnel,8
3,3,4,2,3,1702,4,Oui,21%,23,M,2275,Divorcé(e),Commercial,Représentant Commercial,1,3,1,1,2,7,3,Infra & Cloud,Occasionnel,0
3,4,4,2,3,1703,3,Oui,19%,44,F,7879,Marié(e),Consulting,Manager,1,8,0,1,2,2,3,Infra & Cloud,Occasionnel,6
1,2,4,3,4,1704,3,Oui,14%,35,M,4930,Célibataire,Consulting,Assistant de Direction,0,5,0,0,2,2,4,Transformation Digitale,Frequent,1
4,3,4,1,3,1706,3,Oui,17%,43,M,7847,Marié(e),Commercial,Cadre Commercial,1,10,0,1,3,2,3,Transformation Digitale,Occasionnel,8
3,4,3,4,3,1707,3,Non,16%,24,M,4401,Marié(e),Consulting,Assistant de Direction,1,5,0,1,1,9,3,Transformation Digitale,Occasionnel,0
4,3,3,2,3,1708,3,Non,12%,41,M,9241,Célibataire,Commercial,Cadre Commercial,1,10,0,0,3,6,3,Marketing,Occasionnel,8
4,3,3,3,3,1709,3,Non,17%,29,F,2974,Marié(e),Consulting,Consultant,9,5,0,1,2,9,4,Transformation Digitale,Occasionnel,1
3,3,4,3,2,1710,3,Non,15%,36,F,4502,Célibataire,Commercial,Représentant Commercial,3,13,0,0,2,2,4,Infra & Cloud,Occasionnel,6
3,2,3,4,2,1712,4,Non,23%,45,M,10748,Marié(e),Consulting,Manager,3,23,0,1,3,1,1,Infra & Cloud,Aucun,14
4,1,3,3,3,1714,3,Non,11%,24,M,1555,Marié(e),Ressources Humaines,Ressources Humaines,1,1,1,1,2,22,1,Ressources Humaines,Occasionnel,0
3,1,3,3,1,1716,3,Non,11%,47,M,12936,Marié(e),Commercial,Cadre Commercial,7,23,1,0,3,9,3,Infra & Cloud,Frequent,14
4,1,3,3,4,1718,3,Non,15%,26,M,2305,Marié(e),Consulting,Consultant,1,3,0,3,3,17,4,Transformation Digitale,Occasionnel,0
4,2,2,3,3,1719,3,Non,11%,45,F,16704,Célibataire,Consulting,Directeur Technique,1,21,0,0,2,28,2,Entrepreunariat,Occasionnel,8
1,3,3,1,2,1720,3,Non,13%,32,M,3433,Marié(e),Consulting,Assistant de Direction,6,5,0,1,3,10,3,Infra & Cloud,Frequent,1
2,3,3,4,4,1721,3,Non,14%,31,M,3477,Marié(e),Consulting,Consultant,1,5,0,1,2,2,4,Infra & Cloud,Occasionnel,0
3,1,2,2,3,1722,3,Non,19%,41,M,6430,Marié(e),Ressources Humaines,Ressources Humaines,6,3,0,1,4,4,3,Ressources Humaines,Aucun,1
2,3,1,2,3,1724,3,Oui,16%,40,F,6516,Marié(e),Consulting,Tech Lead,2,1,0,1,3,8,2,Infra & Cloud,Occasionnel,0
2,3,1,2,4,1725,3,Non,13%,24,M,3907,Divorcé(e),Consulting,Consultant,1,6,0,3,2,29,1,Transformation Digitale,Occasionnel,1
3,3,2,4,3,1727,3,Non,14%,46,M,5562,Célibataire,Consulting,Manager,6,10,0,0,3,13,4,Infra & Cloud,Occasionnel,0
4,3,3,2,3,1728,3,Non,16%,35,M,6883,Marié(e),Consulting,Tech Lead,2,7,0,1,3,27,4,Infra & Cloud,Occasionnel,0
2,3,4,2,2,1729,3,Non,12%,30,M,2862,Marié(e),Consulting,Assistant de Direction,1,10,0,1,2,16,1,Infra & Cloud,Occasionnel,0
3,3,2,4,1,1731,3,Non,11%,47,M,4978,Marié(e),Commercial,Cadre Commercial,7,1,0,1,3,2,4,Marketing,Aucun,0
3,3,4,2,2,1732,3,Oui,12%,46,M,10368,Divorcé(e),Commercial,Cadre Commercial,4,10,0,1,5,2,3,Infra & Cloud,Occasionnel,0
2,2,1,2,3,1733,3,Oui,13%,36,M,6134,Divorcé(e),Commercial,Cadre Commercial,5,2,1,3,3,13,5,Marketing,Occasionnel,2
1,1,2,2,3,1734,3,Non,15%,32,M,6735,Célibataire,Commercial,Cadre Commercial,6,0,1,0,2,1,2,Infra & Cloud,Occasionnel,0
3,3,2,3,1,1735,3,Non,13%,23,F,3295,Célibataire,Consulting,Consultant,1,3,0,0,3,4,1,Transformation Digitale,Occasionnel,1
4,3,4,4,2,1736,4,Non,20%,31,F,5238,Célibataire,Consulting,Tech Lead,2,5,0,0,3,24,1,Entrepreunariat,Frequent,1
4,3,4,4,3,1737,3,Oui,15%,39,M,6472,Marié(e),Consulting,Consultant,1,9,0,1,2,1,3,Infra & Cloud,Aucun,5
4,1,3,3,1,1739,3,Non,13%,32,M,9610,Marié(e),Commercial,Cadre Commercial,3,4,0,1,2,19,3,Infra & Cloud,Occasionnel,0
2,3,2,2,2,1740,3,Non,14%,40,M,19833,Célibataire,Commercial,Senior Manager,1,21,0,0,3,7,4,Transformation Digitale,Occasionnel,12
3,1,3,3,4,1744,4,Non,21%,45,F,9756,Marié(e),Ressources Humaines,Ressources Humaines,4,5,0,2,2,4,3,Infra & Cloud,Occasionnel,0
4,2,1,4,3,1745,3,Non,16%,30,F,4968,Célibataire,Consulting,Assistant de Direction,0,9,0,0,2,2,4,Entrepreunariat,Frequent,0
1,3,4,4,3,1746,3,Non,14%,24,M,2145,Marié(e),Ressources Humaines,Ressources Humaines,0,2,0,1,2,10,3,Transformation Digitale,Frequent,2
3,2,4,3,2,1747,3,Non,11%,30,F,2180,Divorcé(e),Ressources Humaines,Ressources Humaines,6,4,1,1,0,8,3,Ressources Humaines,Frequent,1
1,3,3,3,3,1749,3,Non,19%,31,M,8346,Marié(e),Commercial,Cadre Commercial,1,5,0,1,3,5,3,Entrepreunariat,Occasionnel,0
3,3,4,3,2,1751,3,Non,11%,27,F,3445,Célibataire,Consulting,Assistant de Direction,1,6,0,0,5,8,3,Transformation Digitale,Occasionnel,1
2,1,2,3,3,1752,3,Non,13%,29,F,2760,Célibataire,Commercial,Représentant Commercial,1,2,1,0,3,9,3,Marketing,Occasionnel,2
4,4,3,4,4,1753,3,Oui,12%,29,M,6294,Célibataire,Consulting,Manager,8,3,0,0,5,1,3,Infra & Cloud,Frequent,0
3,2,1,1,3,1754,3,Non,11%,30,M,7140,Divorcé(e),Commercial,Cadre Commercial,2,7,0,1,2,15,2,Marketing,Occasionnel,1
4,4,4,1,3,1755,3,Oui,14%,34,M,2932,Marié(e),Consulting,Assistant de Direction,0,5,0,3,3,2,4,Transformation Digitale,Occasionnel,1
4,3,2,4,2,1756,3,Non,15%,33,F,5147,Célibataire,Commercial,Cadre Commercial,8,11,0,0,2,2,3,Marketing,Aucun,1
4,3,4,3,4,1757,3,Non,12%,49,F,4507,Célibataire,Commercial,Cadre Commercial,3,5,0,0,1,11,4,Marketing,Occasionnel,0
1,3,1,3,2,1758,4,Oui,20%,33,F,8564,Célibataire,Commercial,Cadre Commercial,2,0,1,0,2,16,3,Infra & Cloud,Occasionnel,0
3,2,2,2,2,1760,3,Non,14%,38,F,2468,Marié(e),Consulting,Consultant,4,6,0,1,4,2,2,Transformation Digitale,Frequent,0
1,3,3,1,3,1761,3,Non,13%,31,M,8161,Marié(e),Commercial,Cadre Commercial,2,1,1,3,2,16,4,Marketing,Occasionnel,0
4,2,1,3,3,1762,3,Non,13%,29,F,2109,Divorcé(e),Consulting,Assistant de Direction,1,1,0,1,2,4,3,Entrepreunariat,Occasionnel,0
3,4,3,3,3,1763,3,Non,16%,30,M,5294,Marié(e),Consulting,Manager,3,7,0,1,3,16,3,Infra & Cloud,Occasionnel,1
2,3,2,2,3,1764,3,Non,14%,32,M,2718,Célibataire,Consulting,Assistant de Direction,2,7,0,0,3,5,4,Entrepreunariat,Aucun,0
2,1,4,3,3,1766,3,Oui,16%,38,M,5811,Marié(e),Consulting,Manager,3,1,0,1,2,18,3,Transformation Digitale,Occasionnel,1
3,2,3,4,3,1767,3,Oui,16%,43,M,2437,Marié(e),Consulting,Assistant de Direction,9,1,1,1,4,17,3,Entrepreunariat,Frequent,0
2,3,2,2,2,1768,4,Non,22%,42,M,2766,Divorcé(e),Consulting,Consultant,8,5,0,3,6,12,3,Transformation Digitale,Occasionnel,0
3,2,1,2,3,1770,3,Non,12%,55,M,19038,Marié(e),Consulting,Directeur Technique,8,1,0,3,2,2,3,Transformation Digitale,Occasionnel,0
4,3,2,4,2,1771,3,Non,15%,33,M,3055,Divorcé(e),Consulting,Assistant de Direction,5,9,0,2,2,4,3,Entrepreunariat,Aucun,1
3,3,1,2,3,1772,4,Non,20%,41,M,2289,Divorcé(e),Consulting,Consultant,1,5,0,2,2,9,4,Infra & Cloud,Occasionnel,0
4,3,3,3,3,1774,3,Oui,14%,34,M,4001,Divorcé(e),Commercial,Cadre Commercial,1,15,0,1,3,10,3,Infra & Cloud,Aucun,0
1,2,3,4,2,1775,4,Oui,20%,53,F,12965,Marié(e),Consulting,Tech Lead,4,3,0,3,2,1,4,Transformation Digitale,Aucun,0
2,3,4,2,3,1778,3,Non,13%,43,M,3539,Célibataire,Ressources Humaines,Ressources Humaines,0,9,0,0,5,2,3,Infra & Cloud,Occasionnel,1
4,1,4,1,3,1779,3,Non,12%,34,F,6029,Célibataire,Commercial,Cadre Commercial,5,2,0,0,3,3,2,Infra & Cloud,Occasionnel,2
2,3,2,2,3,1780,3,Non,13%,21,M,2679,Célibataire,Commercial,Représentant Commercial,1,1,1,0,3,7,1,Marketing,Occasionnel,1
4,2,3,2,3,1782,3,Non,11%,38,F,3702,Marié(e),Consulting,Consultant,1,5,0,1,3,6,2,Autre,Occasionnel,0
3,3,1,3,3,1783,3,Oui,17%,22,F,2398,Marié(e),Consulting,Consultant,1,1,1,0,6,8,1,Transformation Digitale,Occasionnel,0
1,2,4,1,3,1784,3,Non,14%,31,F,5468,Marié(e),Commercial,Cadre Commercial,1,12,0,2,3,29,4,Marketing,Occasionnel,5
1,3,3,4,3,1786,3,Non,11%,51,F,13116,Marié(e),Consulting,Senior Manager,2,2,0,0,2,3,3,Entrepreunariat,Occasionnel,2
2,2,2,1,3,1787,3,Non,14%,37,M,4189,Marié(e),Commercial,Cadre Commercial,1,5,0,2,2,9,2,Marketing,Occasionnel,0
3,3,4,3,3,1789,3,Oui,17%,46,M,19328,Divorcé(e),Consulting,Directeur Technique,7,2,0,1,3,2,4,Transformation Digitale,Occasionnel,2
4,3,1,4,3,1790,3,Oui,13%,36,M,8321,Marié(e),Consulting,Manager,7,12,0,1,1,10,3,Infra & Cloud,Occasionnel,5
3,3,2,3,2,1792,3,Oui,12%,44,M,2342,Divorcé(e),Consulting,Assistant de Direction,1,5,1,3,2,1,2,Transformation Digitale,Frequent,2
3,3,2,3,2,1794,3,Non,13%,37,M,4071,Divorcé(e),Ressources Humaines,Ressources Humaines,2,10,0,0,4,8,2,Autre,Occasionnel,4
3,3,4,4,3,1797,3,Oui,18%,35,M,5813,Célibataire,Commercial,Cadre Commercial,1,10,1,0,2,27,3,Infra & Cloud,Occasionnel,7
4,4,1,2,3,1798,3,Non,19%,33,M,3143,Marié(e),Consulting,Assistant de Direction,6,10,0,1,1,8,4,Infra & Cloud,Occasionnel,7
3,3,4,3,4,1799,3,Non,11%,28,M,2044,Marié(e),Consulting,Assistant de Direction,1,5,0,1,6,1,3,Infra & Cloud,Occasionnel,0
3,3,3,3,3,1800,4,Non,21%,39,M,13464,Célibataire,Consulting,Directeur Technique,7,4,0,0,3,10,1,Transformation Digitale,Occasionnel,2
2,2,2,3,3,1801,3,Non,15%,46,M,7991,Célibataire,Commercial,Cadre Commercial,8,2,0,0,3,26,2,Infra & Cloud,Aucun,2
3,3,1,4,2,1802,3,Non,17%,40,F,3377,Marié(e),Consulting,Consultant,4,4,0,1,5,2,2,Infra & Cloud,Occasionnel,0
2,4,1,3,2,1803,3,Non,18%,42,M,5538,Marié(e),Consulting,Manager,5,0,0,2,2,13,3,Transformation Digitale,Occasionnel,0
2,3,4,3,3,1804,3,Non,14%,35,M,5762,Divorcé(e),Consulting,Tech Lead,2,7,0,1,6,2,2,Transformation Digitale,Aucun,1
1,3,2,4,3,1805,3,Non,13%,38,M,2592,Divorcé(e),Ressources Humaines,Ressources Humaines,5,11,0,3,3,2,3,Ressources Humaines,Aucun,3
4,3,1,3,2,1807,3,Non,17%,34,M,5346,Marié(e),Consulting,Consultant,4,7,1,1,3,9,4,Infra & Cloud,Frequent,0
4,3,1,2,1,1809,3,Non,15%,37,M,4213,Célibataire,Consulting,Tech Lead,1,10,1,0,4,10,4,Transformation Digitale,Occasionnel,0
3,3,4,4,3,1812,3,Non,18%,39,M,4127,Divorcé(e),Commercial,Cadre Commercial,2,2,0,1,6,20,3,Infra & Cloud,Frequent,2
1,3,3,3,2,1813,3,Non,13%,43,M,2438,Célibataire,Consulting,Assistant de Direction,4,3,0,0,2,9,3,Infra & Cloud,Aucun,1
2,4,2,1,1,1814,3,Non,12%,41,M,6870,Célibataire,Consulting,Manager,3,3,0,0,3,5,3,Infra & Cloud,Occasionnel,1
3,3,3,4,4,1815,3,Oui,13%,41,F,10447,Divorcé(e),Commercial,Cadre Commercial,0,22,0,1,3,4,1,Marketing,Occasionnel,13
1,3,3,2,3,1816,3,Non,14%,30,F,9667,Célibataire,Consulting,Tech Lead,9,7,0,0,3,10,3,Transformation Digitale,Occasionnel,0
4,3,2,3,3,1818,3,Oui,11%,26,F,2148,Marié(e),Ressources Humaines,Ressources Humaines,0,5,1,0,3,20,2,Transformation Digitale,Occasionnel,1
4,3,2,4,4,1821,4,Non,22%,46,F,8926,Marié(e),Consulting,Manager,4,9,1,1,2,21,2,Transformation Digitale,Occasionnel,3
3,3,4,4,3,1822,3,Non,17%,40,F,6513,Divorcé(e),Consulting,Manager,4,5,0,1,3,1,3,Infra & Cloud,Occasionnel,0
2,4,3,3,3,1823,4,Non,21%,34,M,6799,Marié(e),Commercial,Cadre Commercial,1,10,0,2,5,8,2,Entrepreunariat,Occasionnel,4
2,3,2,4,2,1824,4,Non,22%,58,M,16291,Divorcé(e),Commercial,Senior Manager,4,16,0,1,0,2,3,Transformation Digitale,Aucun,14
2,1,3,2,4,1826,3,Non,16%,35,M,2705,Marié(e),Consulting,Consultant,0,5,0,1,2,23,4,Transformation Digitale,Occasionnel,0
3,2,2,3,3,1827,3,Oui,12%,47,F,10333,Divorcé(e),Consulting,Tech Lead,8,22,0,1,4,4,3,Infra & Cloud,Occasionnel,14
2,3,1,2,3,1829,3,Non,12%,40,F,4448,Divorcé(e),Consulting,Manager,2,7,0,1,3,12,3,Infra & Cloud,Occasionnel,7
4,3,4,2,2,1830,3,Non,15%,54,F,6854,Marié(e),Consulting,Assistant de Direction,4,7,0,1,2,7,4,Transformation Digitale,Occasionnel,1
1,3,1,4,3,1833,3,Non,14%,31,F,9637,Marié(e),Commercial,Cadre Commercial,2,3,0,2,3,7,4,Marketing,Frequent,2
3,3,1,3,3,1834,4,Non,25%,28,F,3591,Marié(e),Consulting,Assistant de Direction,1,3,0,1,3,1,3,Transformation Digitale,Occasionnel,1
2,1,4,1,2,1835,4,Oui,20%,38,F,5405,Marié(e),Commercial,Représentant Commercial,2,4,0,2,4,2,4,Marketing,Occasionnel,0
3,3,4,1,3,1836,3,Non,13%,26,M,4684,Célibataire,Commercial,Cadre Commercial,1,5,0,0,4,10,3,Transformation Digitale,Occasionnel,1
1,3,3,2,3,1837,3,Oui,14%,58,M,15787,Marié(e),Consulting,Directeur Technique,2,2,0,0,3,15,4,Infra & Cloud,Frequent,2
2,3,3,3,1,1839,3,Non,16%,18,F,1514,Célibataire,Consulting,Assistant de Direction,1,0,0,0,4,14,3,Transformation Digitale,Aucun,0
4,4,1,3,3,1842,3,Non,17%,31,M,2956,Marié(e),Ressources Humaines,Ressources Humaines,0,1,1,0,4,18,5,Ressources Humaines,Occasionnel,0
1,2,1,4,3,1844,3,Oui,15%,29,M,2335,Divorcé(e),Ressources Humaines,Ressources Humaines,4,2,1,3,3,13,3,Ressources Humaines,Occasionnel,2
3,3,3,2,4,1845,4,Non,22%,45,F,5154,Marié(e),Commercial,Cadre Commercial,4,8,0,2,3,2,4,Infra & Cloud,Aucun,5
4,3,2,4,3,1847,4,Oui,22%,36,F,6962,Marié(e),Consulting,Assistant de Direction,4,1,0,1,2,2,4,Autre,Occasionnel,0
1,3,4,3,3,1849,4,Non,20%,43,M,5675,Marié(e),Commercial,Cadre Commercial,1,7,0,1,5,2,4,Infra & Cloud,Frequent,7
4,3,4,3,2,1850,3,Oui,14%,27,F,2379,Célibataire,Consulting,Consultant,0,5,0,0,3,5,2,Infra & Cloud,Frequent,0
4,3,4,2,4,1852,3,Non,13%,29,M,3812,Marié(e),Consulting,Consultant,1,11,0,0,3,20,1,Transformation Digitale,Frequent,3
4,3,4,3,4,1853,3,Non,13%,32,M,4648,Célibataire,Commercial,Cadre Commercial,8,0,0,0,2,10,4,Marketing,Frequent,0
3,3,3,2,2,1854,4,Non,22%,42,M,2936,Marié(e),Consulting,Assistant de Direction,3,6,0,2,1,10,4,Entrepreunariat,Aucun,3
2,3,3,3,3,1856,3,Non,12%,47,F,2105,Célibataire,Consulting,Consultant,4,2,0,0,2,9,4,Infra & Cloud,Occasionnel,2
4,3,4,3,2,1857,3,Non,14%,46,M,8578,Divorcé(e),Consulting,Tech Lead,3,9,0,1,4,2,2,Infra & Cloud,Occasionnel,4
3,3,4,2,3,1858,3,Non,15%,28,M,2706,Divorcé(e),Ressources Humaines,Ressources Humaines,1,3,0,1,2,1,2,Infra & Cloud,Aucun,2
4,1,3,4,3,1859,3,Non,17%,29,M,6384,Divorcé(e),Consulting,Manager,8,7,0,2,3,29,1,Infra & Cloud,Occasionnel,1
4,3,3,4,3,1860,3,Non,13%,42,M,3968,Célibataire,Consulting,Consultant,4,0,0,0,3,8,3,Infra & Cloud,Occasionnel,0
3,2,2,3,2,1862,3,Oui,12%,32,M,9907,Célibataire,Commercial,Cadre Commercial,7,2,1,0,3,2,4,Marketing,Occasionnel,2
1,4,1,4,3,1863,3,Non,12%,46,F,13225,Divorcé(e),Commercial,Cadre Commercial,2,19,0,1,5,3,3,Entrepreunariat,Occasionnel,2
2,2,3,4,3,1864,4,Non,21%,27,F,3540,Marié(e),Commercial,Représentant Commercial,1,9,0,1,5,23,1,Transformation Digitale,Occasionnel,5
4,2,2,4,3,1865,3,Non,11%,29,M,2804,Marié(e),Ressources Humaines,Ressources Humaines,1,1,0,0,3,6,1,Transformation Digitale,Occasionnel,0
1,2,3,4,3,1866,3,Non,13%,43,F,19392,Marié(e),Consulting,Senior Manager,7,16,0,0,2,6,3,Transformation Digitale,Occasionnel,6
4,2,2,4,3,1867,3,Non,12%,48,M,19665,Marié(e),Consulting,Directeur Technique,4,22,0,0,3,10,3,Infra & Cloud,Occasionnel,12
4,2,4,2,2,1868,4,Oui,24%,29,M,2439,Célibataire,Consulting,Assistant de Direction,1,1,1,0,3,24,2,Infra & Cloud,Frequent,1
3,3,2,3,3,1869,4,Non,21%,46,F,7314,Marié(e),Commercial,Cadre Commercial,5,8,1,3,2,10,3,Infra & Cloud,Occasionnel,0
4,2,1,4,2,1870,3,Non,19%,27,F,4774,Marié(e),Consulting,Assistant de Direction,0,7,0,1,2,15,3,Infra & Cloud,Frequent,7
4,3,4,2,3,1871,3,Non,14%,39,M,3902,Divorcé(e),Consulting,Assistant de Direction,8,2,0,3,2,19,4,Autre,Occasionnel,2
2,2,4,2,4,1873,4,Non,20%,55,M,2662,Marié(e),Consulting,Assistant de Direction,8,5,0,1,2,2,4,Entrepreunariat,Occasionnel,0
2,3,2,4,3,1875,3,Non,19%,28,F,2856,Marié(e),Commercial,Représentant Commercial,1,1,0,1,3,3,3,Transformation Digitale,Occasionnel,0
2,3,4,3,2,1876,3,Non,13%,30,M,1081,Célibataire,Commercial,Représentant Commercial,1,1,1,0,3,9,3,Transformation Digitale,Occasionnel,0
4,3,2,1,3,1878,4,Oui,23%,22,M,2472,Célibataire,Consulting,Assistant de Direction,1,1,1,0,2,7,1,Infra & Cloud,Occasionnel,0
2,2,3,1,3,1880,3,Oui,13%,36,F,5673,Marié(e),Commercial,Cadre Commercial,1,10,0,1,4,10,4,Entrepreunariat,Occasionnel,1
2,3,3,1,3,1881,3,Non,11%,31,M,4197,Divorcé(e),Consulting,Consultant,1,10,0,1,2,20,3,Infra & Cloud,Occasionnel,0
3,3,4,4,3,1882,3,Oui,13%,34,M,9713,Marié(e),Commercial,Cadre Commercial,2,5,0,3,3,4,3,Infra & Cloud,Occasionnel,1
4,3,1,2,3,1883,3,Non,14%,29,M,2062,Célibataire,Consulting,Consultant,3,3,0,0,2,7,3,Infra & Cloud,Occasionnel,1
4,3,1,3,3,1885,4,Oui,22%,37,M,4284,Marié(e),Consulting,Assistant de Direction,5,5,0,1,2,7,4,Transformation Digitale,Occasionnel,0
4,2,2,4,3,1886,3,Oui,11%,35,F,4788,Marié(e),Consulting,Tech Lead,0,3,0,0,2,16,2,Autre,Occasionnel,0
2,2,4,4,2,1888,3,Non,13%,45,F,5906,Marié(e),Consulting,Tech Lead,0,9,0,2,2,25,2,Infra & Cloud,Occasionnel,3
2,2,4,4,2,1890,4,Non,21%,36,M,3886,Célibataire,Ressources Humaines,Ressources Humaines,1,10,0,0,2,2,1,Ressources Humaines,Frequent,0
1,3,1,1,3,1892,3,Non,11%,40,M,16823,Divorcé(e),Consulting,Senior Manager,2,19,0,1,3,1,4,Infra & Cloud,Occasionnel,11
2,2,3,3,2,1893,3,Oui,13%,26,F,2933,Marié(e),Consulting,Assistant de Direction,1,1,0,1,3,1,2,Infra & Cloud,Occasionnel,1
1,4,3,2,2,1898,3,Non,14%,27,F,6500,Célibataire,Commercial,Cadre Commercial,0,8,0,0,5,2,2,Transformation Digitale,Occasionnel,0
4,3,4,2,3,1900,3,Non,11%,48,F,17174,Divorcé(e),Consulting,Senior Manager,3,22,0,1,3,22,3,Transformation Digitale,Frequent,4
2,4,1,4,3,1903,3,Non,15%,44,M,5033,Marié(e),Consulting,Manager,2,2,0,1,5,1,4,Infra & Cloud,Occasionnel,2
4,1,1,2,3,1905,4,Oui,23%,34,M,2307,Marié(e),Consulting,Assistant de Direction,1,5,1,1,2,16,4,Entrepreunariat,Aucun,3
1,3,4,4,3,1907,3,Non,16%,56,M,2587,Célibataire,Consulting,Consultant,1,4,1,0,3,24,2,Infra & Cloud,Occasionnel,1
3,2,2,3,1,1908,3,Non,16%,36,M,5507,Marié(e),Commercial,Cadre Commercial,2,4,0,2,1,17,2,Marketing,Occasionnel,1
3,3,2,3,3,1909,4,Non,21%,41,F,4393,Marié(e),Commercial,Cadre Commercial,5,5,0,1,3,8,3,Marketing,Occasionnel,1
3,3,1,2,4,1911,3,Non,13%,42,M,13348,Marié(e),Consulting,Directeur Technique,9,13,0,1,3,6,3,Transformation Digitale,Occasionnel,5
3,3,4,4,3,1912,3,Oui,11%,31,F,6583,Divorcé(e),Commercial,Cadre Commercial,2,5,0,1,2,10,2,Transformation Digitale,Occasionnel,1
4,2,4,3,2,1915,3,Oui,12%,34,F,8103,Marié(e),Commercial,Cadre Commercial,3,4,0,0,3,3,1,Transformation Digitale,Occasionnel,0
1,4,3,2,2,1916,3,Non,12%,31,F,3978,Divorcé(e),Consulting,Consultant,8,2,0,1,0,4,3,Transformation Digitale,Occasionnel,2
3,4,4,1,3,1918,3,Non,18%,26,M,2544,Marié(e),Consulting,Consultant,0,7,0,1,3,6,3,Autre,Frequent,7
2,3,3,3,3,1922,3,Non,12%,45,M,5399,Célibataire,Consulting,Manager,4,4,0,0,3,1,4,Transformation Digitale,Frequent,0
2,3,3,2,2,1924,3,Non,14%,33,M,5487,Célibataire,Commercial,Cadre Commercial,1,10,0,0,2,10,4,Marketing,Occasionnel,0
3,2,4,3,3,1927,3,Oui,12%,28,M,6834,Marié(e),Commercial,Cadre Commercial,1,7,0,1,2,1,2,Infra & Cloud,Frequent,0
3,4,1,4,3,1928,3,Non,17%,29,M,1091,Célibataire,Commercial,Représentant Commercial,1,1,1,0,3,24,3,Entrepreunariat,Frequent,0
1,1,3,3,3,1929,3,Non,19%,39,F,5736,Marié(e),Commercial,Cadre Commercial,6,3,0,1,1,21,4,Infra & Cloud,Aucun,1
2,3,2,3,2,1931,3,Non,11%,27,M,2226,Marié(e),Consulting,Assistant de Direction,1,5,0,1,3,2,4,Entrepreunariat,Occasionnel,1
3,2,4,2,3,1932,3,Oui,15%,34,M,5747,Marié(e),Consulting,Assistant de Direction,1,15,0,0,3,22,4,Autre,Frequent,6
4,3,3,4,3,1933,3,Oui,11%,28,F,9854,Célibataire,Commercial,Cadre Commercial,3,2,1,0,0,13,2,Marketing,Occasionnel,2
3,3,2,3,4,1934,3,Non,18%,47,M,5467,Marié(e),Consulting,Assistant de Direction,8,8,0,1,4,14,4,Entrepreunariat,Aucun,1
4,2,1,3,3,1935,3,Non,16%,56,F,5380,Marié(e),Commercial,Cadre Commercial,4,0,0,1,3,11,5,Marketing,Occasionnel,0
1,3,1,4,3,1936,4,Non,25%,39,M,5151,Marié(e),Consulting,Tech Lead,1,10,0,1,3,9,2,Transformation Digitale,Occasionnel,7
4,2,2,3,3,1937,3,Oui,16%,38,F,2133,Divorcé(e),Consulting,Assistant de Direction,1,20,0,1,3,8,3,Transformation Digitale,Frequent,0
4,3,4,3,2,1938,3,Oui,13%,58,F,17875,Marié(e),Commercial,Senior Manager,4,1,0,1,2,21,3,Infra & Cloud,Occasionnel,0
1,4,3,1,3,1939,3,Oui,14%,32,F,2432,Célibataire,Consulting,Assistant de Direction,3,4,1,0,2,5,2,Infra & Cloud,Frequent,0
2,3,4,4,4,1940,3,Non,19%,38,M,4771,Divorcé(e),Consulting,Assistant de Direction,2,5,0,2,0,9,2,Infra & Cloud,Occasionnel,0
2,3,4,4,3,1941,3,Non,15%,49,M,19161,Marié(e),Consulting,Directeur Technique,3,5,0,0,3,2,1,Infra & Cloud,Frequent,4
2,3,4,3,3,1943,3,Oui,12%,42,M,5087,Divorcé(e),Commercial,Cadre Commercial,3,0,0,2,4,12,4,Marketing,Occasionnel,0
1,2,2,1,3,1944,3,Non,12%,27,F,2863,Marié(e),Ressources Humaines,Ressources Humaines,1,1,1,0,2,22,3,Ressources Humaines,Frequent,0
2,3,1,4,1,1945,3,Non,16%,35,M,5561,Marié(e),Commercial,Cadre Commercial,0,5,0,1,2,18,4,Transformation Digitale,Occasionnel,0
3,3,3,3,2,1947,3,Non,14%,28,M,2144,Célibataire,Consulting,Assistant de Direction,1,5,0,0,3,16,3,Transformation Digitale,Aucun,1
3,3,1,4,4,1948,3,Oui,13%,31,M,3065,Divorcé(e),Consulting,Assistant de Direction,1,4,0,1,3,3,2,Transformation Digitale,Aucun,2
1,4,2,2,3,1949,4,Non,22%,36,M,2810,Marié(e),Consulting,Consultant,1,5,0,0,3,9,4,Infra & Cloud,Aucun,0
1,3,4,1,2,1950,4,Non,21%,34,M,9888,Célibataire,Commercial,Cadre Commercial,1,14,0,0,3,1,3,Marketing,Occasionnel,2
4,3,3,3,2,1951,3,Non,18%,34,M,8628,Divorcé(e),Commercial,Cadre Commercial,1,8,0,1,2,13,4,Transformation Digitale,Occasionnel,1
3,3,1,4,2,1952,3,Non,13%,26,M,2867,Célibataire,Consulting,Consultant,0,7,0,0,6,1,3,Transformation Digitale,Occasionnel,7
1,3,1,1,2,1954,3,Non,12%,29,M,5373,Marié(e),Consulting,Manager,0,5,0,1,5,1,3,Infra & Cloud,Occasionnel,0
3,3,4,2,3,1955,3,Non,18%,32,F,6667,Divorcé(e),Consulting,Manager,5,5,0,1,6,15,4,Transformation Digitale,Aucun,1
4,1,1,2,3,1956,4,Non,21%,31,M,5003,Marié(e),Consulting,Assistant de Direction,1,10,0,0,6,1,3,Infra & Cloud,Frequent,8
3,2,4,1,2,1960,3,Non,12%,28,M,2367,Divorcé(e),Consulting,Consultant,5,4,1,1,2,17,3,Entrepreunariat,Occasionnel,0
1,2,1,1,2,1961,3,Non,14%,38,M,2858,Célibataire,Commercial,Représentant Commercial,4,1,0,0,3,1,3,Infra & Cloud,Occasionnel,0
3,3,4,4,3,1962,3,Oui,11%,35,F,5204,Marié(e),Commercial,Cadre Commercial,1,10,0,0,2,7,4,Infra & Cloud,Occasionnel,0
4,3,4,1,3,1965,3,Non,14%,27,M,4105,Célibataire,Commercial,Cadre Commercial,1,7,0,0,5,9,3,Marketing,Occasionnel,0
4,2,4,2,3,1966,4,Non,24%,32,M,9679,Célibataire,Consulting,Tech Lead,8,1,0,0,1,5,4,Infra & Cloud,Occasionnel,0
1,3,4,3,3,1967,3,Oui,11%,31,M,5617,Marié(e),Commercial,Cadre Commercial,1,10,1,0,4,26,4,Marketing,Frequent,0
1,3,1,2,2,1968,3,Oui,13%,53,M,10448,Célibataire,Commercial,Cadre Commercial,6,2,1,0,2,24,4,Infra & Cloud,Occasionnel,2
1,3,3,3,2,1969,3,Non,11%,54,F,2897,Marié(e),Consulting,Assistant de Direction,3,4,0,2,6,9,2,Infra & Cloud,Occasionnel,2
4,3,3,3,3,1970,4,Non,20%,33,M,5968,Divorcé(e),Consulting,Manager,1,9,0,3,2,7,2,Infra & Cloud,Frequent,2
1,3,3,2,3,1971,3,Non,17%,43,M,7510,Marié(e),Consulting,Manager,1,10,0,1,1,11,3,Infra & Cloud,Occasionnel,0
4,3,2,2,3,1972,3,Oui,11%,38,M,2991,Marié(e),Ressources Humaines,Ressources Humaines,0,6,0,1,2,1,4,Autre,Frequent,1
3,4,2,1,3,1973,3,Oui,18%,55,M,19636,Marié(e),Ressources Humaines,Senior Manager,4,10,0,1,0,26,4,Ressources Humaines,Occasionnel,1
4,1,4,3,3,1974,3,Oui,11%,31,F,1129,Divorcé(e),Consulting,Consultant,1,1,0,3,4,2,1,Transformation Digitale,Occasionnel,0
2,3,1,1,3,1975,3,Non,12%,39,M,13341,Célibataire,Commercial,Cadre Commercial,0,20,0,0,3,15,4,Marketing,Occasionnel,11
4,2,3,4,3,1976,3,Non,12%,42,M,4332,Célibataire,Consulting,Assistant de Direction,1,20,0,0,2,23,2,Infra & Cloud,Aucun,3
3,3,3,3,4,1979,4,Non,20%,31,F,11031,Marié(e),Consulting,Directeur Technique,4,11,0,1,2,10,3,Transformation Digitale,Aucun,4
3,3,1,4,3,1980,3,Oui,19%,54,F,4440,Célibataire,Consulting,Tech Lead,6,5,0,0,3,10,3,Transformation Digitale,Occasionnel,1
2,2,3,2,2,1981,3,Non,12%,24,M,4617,Célibataire,Consulting,Manager,1,4,0,0,2,1,2,Infra & Cloud,Occasionnel,1
4,3,4,3,4,1982,3,Non,13%,23,M,2647,Célibataire,Consulting,Consultant,1,5,0,0,6,12,2,Autre,Occasionnel,1
4,3,3,1,4,1985,3,Non,11%,40,F,6323,Marié(e),Consulting,Consultant,1,10,0,1,2,11,3,Entrepreunariat,Frequent,9
2,3,2,3,3,1986,3,Non,14%,40,F,5677,Marié(e),Commercial,Cadre Commercial,3,11,0,1,4,2,2,Marketing,Occasionnel,5
3,3,2,3,3,1987,3,Non,14%,25,F,2187,Marié(e),Ressources Humaines,Ressources Humaines,4,2,0,0,3,2,3,Ressources Humaines,Occasionnel,1
4,3,2,3,2,1989,3,Non,13%,30,M,3748,Marié(e),Consulting,Consultant,1,12,0,0,6,1,2,Transformation Digitale,Occasionnel,1
4,3,3,3,2,1992,3,Oui,19%,25,M,3977,Divorcé(e),Consulting,Consultant,6,2,0,1,2,2,1,Autre,Occasionnel,0
1,3,3,2,3,1993,4,Non,23%,47,M,8633,Célibataire,Consulting,Manager,2,17,0,0,3,25,3,Transformation Digitale,Occasionnel,12
2,2,3,3,2,1994,3,Non,12%,33,M,2008,Divorcé(e),Consulting,Consultant,1,1,0,3,2,1,2,Transformation Digitale,Aucun,0
4,3,2,1,3,1995,3,Non,15%,38,M,4440,Marié(e),Commercial,Cadre Commercial,0,15,0,2,3,1,4,Infra & Cloud,Occasionnel,5
1,3,3,3,3,1996,3,Non,19%,31,M,3067,Marié(e),Commercial,Représentant Commercial,0,2,0,1,1,2,2,Infra & Cloud,Occasionnel,1
1,2,3,4,3,1997,3,Non,11%,38,M,5321,Marié(e),Consulting,Tech Lead,2,8,0,1,1,6,4,Infra & Cloud,Frequent,7
4,3,1,3,2,1998,3,Oui,17%,42,M,5410,Divorcé(e),Consulting,Assistant de Direction,6,4,0,1,3,18,4,Infra & Cloud,Occasionnel,1
4,3,4,1,3,1999,4,Non,22%,41,M,2782,Marié(e),Consulting,Assistant de Direction,3,5,0,1,3,1,3,Infra & Cloud,Occasionnel,1
3,3,2,1,1,2000,3,Non,18%,47,F,11957,Marié(e),Consulting,Directeur Technique,0,13,0,2,3,1,1,Transformation Digitale,Aucun,5
4,3,3,3,3,2003,3,Oui,11%,35,M,2660,Marié(e),Consulting,Consultant,7,2,0,1,3,11,4,Transformation Digitale,Occasionnel,2
4,3,3,4,4,2007,3,Non,12%,22,M,3375,Célibataire,Consulting,Assistant de Direction,0,3,0,0,2,1,2,Infra & Cloud,Occasionnel,1
2,3,3,2,3,2008,3,Non,19%,35,M,5098,Célibataire,Consulting,Assistant de Direction,1,10,0,0,5,9,4,Transformation Digitale,Occasionnel,0
2,3,4,1,3,2009,3,Oui,13%,33,F,4878,Marié(e),Consulting,Manager,0,9,0,1,6,15,2,Transformation Digitale,Occasionnel,8
3,2,2,3,3,2010,3,Non,13%,32,F,2837,Célibataire,Consulting,Consultant,1,6,0,0,3,29,4,Infra & Cloud,Occasionnel,4
1,3,4,3,2,2012,3,Non,19%,40,M,2406,Marié(e),Consulting,Consultant,8,1,0,2,3,1,4,Infra & Cloud,Occasionnel,0
2,2,2,2,3,2013,3,Non,14%,32,M,2269,Marié(e),Commercial,Représentant Commercial,0,2,0,1,2,1,4,Transformation Digitale,Occasionnel,2
1,3,4,1,3,2014,3,Non,13%,39,M,4108,Célibataire,Consulting,Assistant de Direction,7,7,0,0,2,24,1,Infra & Cloud,Occasionnel,1
2,1,3,1,3,2015,3,Non,12%,38,F,13206,Marié(e),Consulting,Directeur Technique,3,18,0,1,3,10,3,Transformation Digitale,Occasionnel,1
3,3,4,3,3,2016,3,Non,19%,32,F,10422,Marié(e),Commercial,Cadre Commercial,1,14,0,2,3,1,4,Marketing,Occasionnel,5
3,4,4,1,3,2017,4,Oui,25%,37,F,13744,Marié(e),Consulting,Directeur Technique,1,16,0,1,2,10,3,Infra & Cloud,Occasionnel,6
1,3,3,2,2,2018,4,Oui,22%,25,F,4907,Divorcé(e),Commercial,Cadre Commercial,0,5,0,1,3,8,2,Autre,Occasionnel,0
1,3,4,2,2,2019,3,Non,15%,52,M,3482,Divorcé(e),Commercial,Représentant Commercial,2,9,0,2,3,29,4,Infra & Cloud,Aucun,0
2,3,4,3,3,2020,3,Oui,12%,44,M,2436,Célibataire,Consulting,Assistant de Direction,6,4,0,0,2,1,3,Transformation Digitale,Occasionnel,1
3,3,1,4,3,2021,3,Oui,11%,21,M,2380,Célibataire,Commercial,Représentant Commercial,1,2,0,0,6,5,1,Transformation Digitale,Occasionnel,1
4,3,4,3,2,2022,3,Non,13%,39,M,19431,Célibataire,Consulting,Senior Manager,2,6,0,0,3,9,3,Infra & Cloud,Aucun,1
4,3,1,1,2,2023,3,Non,19%,23,M,1790,Marié(e),Commercial,Représentant Commercial,1,1,1,1,3,9,3,Marketing,Frequent,1
1,2,4,3,3,2024,3,Non,19%,36,F,7644,Marié(e),Commercial,Cadre Commercial,0,9,0,2,2,3,3,Transformation Digitale,Occasionnel,3
4,3,2,2,3,2025,3,Non,13%,36,F,5131,Divorcé(e),Consulting,Tech Lead,7,4,0,3,3,4,2,Infra & Cloud,Frequent,0
3,3,3,1,2,2026,4,Non,21%,56,M,6306,Divorcé(e),Consulting,Manager,1,13,0,1,2,1,4,Infra & Cloud,Aucun,1
1,3,4,2,4,2027,3,Oui,14%,29,M,4787,Marié(e),Consulting,Assistant de Direction,9,2,1,3,3,1,4,Transformation Digitale,Occasionnel,2
1,3,3,1,2,2031,3,Non,11%,42,M,18880,Marié(e),Consulting,Senior Manager,5,22,0,0,2,2,3,Infra & Cloud,Occasionnel,4
4,3,3,4,1,2032,3,Non,11%,56,M,2339,Marié(e),Consulting,Consultant,8,10,1,1,4,7,2,Entrepreunariat,Occasionnel,9
1,2,2,3,3,2034,4,Non,23%,41,F,13570,Marié(e),Consulting,Tech Lead,0,20,0,1,3,28,4,Infra & Cloud,Occasionnel,0
4,2,3,4,3,2035,4,Non,21%,34,F,6712,Marié(e),Commercial,Cadre Commercial,1,8,0,2,2,28,3,Marketing,Occasionnel,1
4,1,4,1,2,2036,4,Non,24%,36,M,5406,Divorcé(e),Commercial,Cadre Commercial,1,15,0,1,4,15,4,Marketing,Aucun,11
3,2,2,3,3,2037,3,Non,11%,41,M,8938,Divorcé(e),Commercial,Cadre Commercial,2,5,0,1,5,3,3,Infra & Cloud,Occasionnel,0
4,3,1,4,3,2038,3,Non,14%,32,M,2439,Célibataire,Consulting,Assistant de Direction,1,4,0,0,4,2,3,Entrepreunariat,Occasionnel,1
3,3,4,3,3,2040,3,Oui,16%,35,F,8837,Célibataire,Ressources Humaines,Ressources Humaines,1,9,0,0,2,26,4,Infra & Cloud,Occasionnel,1
1,3,4,3,3,2041,3,Non,11%,38,F,5343,Marié(e),Commercial,Cadre Commercial,1,10,0,1,1,10,2,Infra & Cloud,Occasionnel,1
2,3,3,4,3,2044,3,Non,12%,50,M,6728,Divorcé(e),Commercial,Cadre Commercial,7,6,1,2,3,1,4,Infra & Cloud,Frequent,0
2,2,4,1,2,2045,3,Non,13%,36,F,6652,Marié(e),Commercial,Cadre Commercial,4,6,0,1,2,11,4,Marketing,Occasionnel,0
4,3,3,3,3,2046,3,Non,15%,45,F,4850,Célibataire,Commercial,Cadre Commercial,8,5,0,0,3,20,3,Infra & Cloud,Occasionnel,0
3,2,3,4,3,2048,3,Non,14%,40,M,2809,Célibataire,Consulting,Assistant de Direction,2,2,0,0,2,2,4,Infra & Cloud,Occasionnel,2
3,3,3,4,4,2049,3,Oui,14%,35,M,5689,Marié(e),Consulting,Manager,1,10,0,2,2,18,4,Infra & Cloud,Frequent,0
3,3,3,2,3,2051,3,Non,14%,40,F,2001,Marié(e),Consulting,Assistant de Direction,2,5,0,3,2,2,4,Transformation Digitale,Occasionnel,0
3,1,4,4,3,2052,3,Non,12%,35,F,2977,Marié(e),Consulting,Assistant de Direction,1,4,0,1,5,1,4,Infra & Cloud,Occasionnel,1
4,2,2,1,3,2053,3,Oui,13%,29,M,4025,Marié(e),Consulting,Consultant,4,4,0,1,2,13,2,Autre,Occasionnel,0
4,2,1,2,1,2054,3,Non,14%,29,F,3785,Célibataire,Consulting,Assistant de Direction,1,5,0,0,3,28,4,Transformation Digitale,Occasionnel,0
4,2,1,2,3,2055,3,Oui,13%,50,M,10854,Divorcé(e),Commercial,Cadre Commercial,4,3,1,1,3,28,3,Marketing,Occasionnel,2
2,2,4,1,2,2056,3,Non,11%,39,F,12031,Marié(e),Commercial,Cadre Commercial,0,20,0,1,2,24,1,Marketing,Occasionnel,9
2,3,1,2,3,2057,3,Non,19%,31,M,9936,Célibataire,Consulting,Tech Lead,0,9,0,0,2,5,3,Transformation Digitale,Aucun,1
4,2,3,4,3,2060,3,Non,18%,26,F,2966,Célibataire,Commercial,Représentant Commercial,0,4,0,0,2,5,3,Autre,Occasionnel,0
3,4,4,3,3,2061,3,Non,17%,36,M,2571,Marié(e),Consulting,Consultant,4,5,0,1,3,23,2,Transformation Digitale,Frequent,0
4,2,1,1,3,2062,3,Non,15%,39,M,9991,Marié(e),Consulting,Manager,4,7,0,1,5,6,1,Transformation Digitale,Occasionnel,1
2,4,2,2,3,2064,4,Oui,20%,27,M,6142,Marié(e),Consulting,Tech Lead,1,6,0,1,0,4,3,Infra & Cloud,Occasionnel,0
4,2,2,4,2,2065,3,Non,14%,49,M,5390,Marié(e),Commercial,Cadre Commercial,2,9,0,0,3,2,3,Transformation Digitale,Frequent,0
2,4,3,1,4,2068,3,Non,12%,34,M,4404,Marié(e),Consulting,Consultant,2,4,0,0,3,8,3,Transformation Digitale,Occasionnel,1
